	{

		"metadata": {
			"formatVersion" : 3.1,
			"generatedBy"   : "Blender 2.7 Exporter",
			"vertices"      : 52,
			"faces"         : 50,
			"normals"       : 18,
			"colors"        : 0,
			"uvs"           : [],
			"materials"     : 2,
			"morphTargets"  : 0,
			"bones"         : 0
		},

			"scale" : 1.000000,
			
			"vertices" : [0.1,0.3,0.2,0.1,-1.2,0.2,-0.1,0.3,0.2,-0.1,-1.2,0.2,0.0999997,0.3,4.2,0.0999997,-1.2,4.2,-0.1,0.3,3.7,-0.1,-1.2,3.7,-0.3,0.3,3.7,-0.3,-1.2,3.7,-0.3,0.3,3.2,-0.3,-1.2,3.2,-0.1,0.3,3.2,-0.1,-1.2,3.2,-0.1,0.3,2.2,-0.1,-1.2,2.2,-0.3,0.3,2.2,-0.3,-1.2,2.2,-0.3,0.3,1.7,-0.3,-1.2,1.7,-0.1,0.3,1.7,-0.1,-1.2,1.7,-0.1,0.3,0.7,-0.1,-1.2,0.7,-0.3,0.3,0.7,-0.3,-1.2,0.7,-0.3,-1.2,0.2,-0.3,0.3,0.2,0.0999997,0.3,3.7,0.0999997,-1.2,3.7,0.3,0.3,3.7,0.3,-1.2,3.7,0.3,0.3,3.2,0.3,-1.2,3.2,0.0999998,0.3,3.2,0.0999998,-1.2,3.2,0.0999999,0.3,2.2,0.0999999,-1.2,2.2,0.3,0.3,2.2,0.3,-1.2,2.2,0.3,0.3,1.7,0.3,-1.2,1.7,0.0999999,0.3,1.7,0.0999999,-1.2,1.7,0.1,0.3,0.7,0.1,-1.2,0.7,0.3,0.3,0.7,0.3,-1.2,0.7,0.3,0.3,0.2,0.3,-1.2,0.2,-0.1,0.3,4.2,-0.1,-1.2,4.2],
			"faces"    : [35,2,0,1,3,0,0,0,1,1,35,4,5,29,28,0,2,3,4,5,35,35,29,7,13,0,6,4,7,8,35,7,6,8,9,1,7,9,10,11,35,9,8,10,11,1,11,10,12,13,35,11,10,12,13,1,13,12,14,8,35,13,12,14,15,0,8,14,9,7,35,15,14,16,17,1,7,9,10,11,35,17,16,18,19,1,11,10,12,13,35,19,18,20,21,1,13,12,14,8,35,21,20,22,23,0,8,14,9,7,35,23,22,24,25,1,7,9,10,11,35,25,24,27,26,1,11,10,12,13,35,2,3,26,27,1,0,1,13,12,35,28,29,31,30,1,5,4,3,2,35,30,31,33,32,1,2,3,15,16,35,32,33,35,34,1,16,15,6,17,35,34,35,37,36,0,17,6,4,5,35,36,37,39,38,1,5,4,3,2,35,38,39,41,40,1,2,3,15,16,35,40,41,43,42,1,16,15,6,17,35,42,43,45,44,0,17,6,4,5,35,44,45,47,46,1,5,4,3,2,35,46,47,49,48,1,2,3,15,16,35,0,48,49,1,1,0,16,15,1,35,23,45,43,21,0,7,4,6,8,35,15,37,35,13,0,7,4,6,8,35,43,37,15,21,0,6,4,7,8,35,1,45,23,3,0,1,4,7,1,35,47,45,1,49,1,3,4,1,15,35,25,26,3,23,1,11,13,1,7,35,17,19,21,15,1,11,13,8,7,35,37,43,41,39,1,4,6,15,3,35,9,11,13,7,1,11,13,8,7,35,6,7,51,50,0,9,7,11,10,35,29,35,33,31,1,4,6,15,3,35,5,4,50,51,0,3,2,10,11,35,20,42,44,22,0,14,17,5,9,35,12,34,36,14,0,14,17,5,9,35,42,20,14,36,0,17,14,9,5,35,14,20,18,16,1,9,14,12,10,35,38,40,42,36,1,2,16,17,5,35,0,2,22,44,0,0,0,9,5,35,0,44,46,48,1,0,5,2,16,35,24,22,2,27,1,10,9,0,12,35,6,12,10,8,1,9,14,12,10,35,12,6,28,34,0,14,9,5,17,35,30,32,34,28,1,2,16,17,5,35,4,28,6,50,0,2,5,9,10,35,5,51,7,29,0,3,11,7,4],
			"uvs"      : [],
			"normals"  : [0,0.707083,-0.707083,0,-0.707083,-0.707083,0.577349,0.577349,0.577349,0.577349,-0.577349,0.577349,0.301492,-0.904508,0.301492,0.301492,0.904508,0.301492,0.301492,-0.904508,-0.301492,-0.301492,-0.904508,0.301492,-0.301492,-0.904508,-0.301492,-0.301492,0.904508,0.301492,-0.577349,0.577349,0.577349,-0.577349,-0.577349,0.577349,-0.577349,0.577349,-0.577349,-0.577349,-0.577349,-0.577349,-0.301492,0.904508,-0.301492,0.577349,-0.577349,-0.577349,0.577349,0.577349,-0.577349,0.301492,0.904508,-0.301492],
			
			"skinIndices"  : [],
			"skinWeights"  : [],
			"morphTargets" : [],
			
			"bones"      : [],
			"animations" : [],
			
			"colors"    : [],
			"materials" : [
				{
					"DbgColor": 15658734,
					"DbgIndex": 0,
					"DbgName": "Dark Grey",
					"blending": "NormalBlending",
					"colorAmbient": [0.16000000476837162, 0.16000000476837162, 0.16000000476837162],
					"colorDiffuse": [0.16000000476837162, 0.16000000476837162, 0.16000000476837162],
					"colorEmissive": [0.0, 0.0, 0.0],
					"colorSpecular": [0.5, 0.5, 0.5],
					"depthTest": true,
					"depthWrite": true,
					"shading": "Lambert",
					"specularCoef": 50,
					"transparency": 1.0,
					"transparent": false,
					"vertexColors": false
				},
				{
					"DbgColor": 15597568,
					"DbgIndex": 1,
					"DbgName": "Gray",
					"blending": "NormalBlending",
					"colorAmbient": [0.4000000059604645, 0.4000000059604645, 0.4000000059604645],
					"colorDiffuse": [0.4000000059604645, 0.4000000059604645, 0.4000000059604645],
					"colorEmissive": [0.0, 0.0, 0.0],
					"colorSpecular": [0.5, 0.5, 0.5],
					"depthTest": true,
					"depthWrite": true,
					"shading": "Lambert",
					"specularCoef": 50,
					"transparency": 1.0,
					"transparent": false,
					"vertexColors": false
				}
			]


	}
