	{

		"metadata": {
			"formatVersion" : 3.1,
			"generatedBy"   : "Blender 2.7 Exporter",
			"vertices"      : 178,
			"faces"         : 200,
			"normals"       : 68,
			"colors"        : 0,
			"uvs"           : [],
			"materials"     : 4,
			"morphTargets"  : 0,
			"bones"         : 0
		},

			"scale" : 1.000000,
			
			"vertices" : [-0.500002,-2.5,0.6,-1.5,-1.5,1.2,-1.5,-2.5,1.2,-1.5,-2.5,0,-1.5,-1.5,0,-0.500002,-2.5,0,-0.500002,-4,0.6,-0.500002,-4,0,-1,-1.5,1.8,-1,-2.5,1.8,-1,-1.5,4.2,-1,-2.5,4.2,-1.90735e-06,-1.5,2,-1.90735e-06,-1.5,3.6,-0.500002,-1.5,3.6,-1.90735e-06,-1,4.2,-0.500002,-1,4.2,-0.500002,-1.5,4.2,-1,-4,4.4,0.999998,-4,4.4,0.999998,-1,4.2,-0.500002,-4,4.4,-1,-4,5,-0.500002,-4,5,-1,-4,5.6,-0.500002,-4,5.6,-1,-3.5,5.6,-0.500002,-3.5,5.6,-1,-3.5,5,-0.500002,-3.5,5,-1,-2.5,5,-0.500002,-2.5,5,-1,-2.5,5.6,-0.500002,-2.5,5.6,-1,-1.5,5.6,-0.500002,-1.5,5.6,-1,-1.5,5,-0.500002,-1.5,5,-1,-0.5,5,-0.500002,-0.5,5,-1,-0.5,5.6,-0.500002,-0.5,5.6,0.499998,-1.5,2,0.999998,-1.5,2,0.499998,-2.5,2,0.999998,-2.5,2,0.499998,-1.5,3.6,0.999998,-1.5,3.6,0.499998,-2.5,3.6,0.999998,-2.5,3.6,-1.90735e-06,-2.5,2,-1.90735e-06,-1.5,1.8,-1.90735e-06,-2.5,0.6,-1.90735e-06,-2.5,0,-1.90735e-06,-4,0.6,-1.90735e-06,-4,0,0.999998,-1.5,1.8,0.999998,-2.5,1.2,0.999998,-2.5,0,0.999998,-1.5,0,-1.90735e-06,-2.5,1.8,-1.90735e-06,-4,1.8,-1.90735e-06,-2.5,3.6,0.999998,-3,1.8,0.499998,-1,4.2,0.499998,-3,4.2,0.999998,-3,4.2,-1.90735e-06,-2.5,2.6,-1.90735e-06,-3,4.2,-0.500002,-2.5,3.6,-0.500002,-2.5,2.6,-0.500002,-3,4.2,-0.500002,-2.5,4.2,-1.90735e-06,-3.5,2.6,-0.500002,-3.5,2.6,-1.90735e-06,-3.5,3.8,-0.500002,-3.5,3.8,-1,-4,4.2,-0.500002,-4,4.2,-1.90735e-06,-4,4.2,-1.90735e-06,-4,2,0.999998,-4,1.8,0.999998,-4,2,0.499998,-2.5,1.2,0.499998,-2.5,1.8,0.999998,-4,4.2,0.499998,-3,1.8,-0.5,2.5,0.6,-1.5,2.5,1.2,-1.5,1.5,1.2,-1.5,1.5,0,-1.5,2.5,0,-0.5,2.5,0,-0.5,4,0.6,-0.5,4,0,-1,2.5,1.8,-1,1.5,1.8,-1,2.5,4.2,-1,1.5,4.2,0,2.5,2.6,-0.5,2.5,2.6,0,3.5,2.6,-0.5,3.5,2.6,0,2.5,3.6,-0.5,2.5,3.6,0,3,4.2,-0.5,3,4.2,0,3.5,3.6,-0.5,3.5,3.6,-0.5,4,4.2,-0.5,2.5,4.2,-1,4,4.2,-1,4,4.4,1,4,4.4,1,3,4.2,-0.5,4,4.4,-1,0.5,5.6,-0.5,0.5,5.6,-1,0.5,5,-0.5,0.5,5,-1,1.5,5,-0.5,1.5,5,-1,1.5,5.6,-0.5,1.5,5.6,-1,2.5,5.6,-0.5,2.5,5.6,-1,2.5,5,-0.5,2.5,5,-1,3.5,5,-0.5,3.5,5,-1,3.5,5.6,-0.5,3.5,5.6,-1,4,5.6,-0.5,4,5.6,-1,4,5,-0.5,4,5,0,2.5,2,0,4,2,0,4,4.2,0.5,2.5,2,1,4,2,1,2.5,2,0.5,1.5,2,1,1.5,2,0.5,2.5,3.6,1,2.5,3.6,0.5,1.5,3.6,1,1.5,3.6,0,1.5,2,0,2.5,0.6,0,1.5,1.8,0,2.5,0,0,4,0.6,0,4,0,1,2.5,1.2,1,1.5,1.8,1,1.5,0,1,2.5,0,0,2.5,1.8,0,4,1.8,0,1.5,3.6,1,3,1.8,0.5,3,4.2,0.5,1,4.2,1,1,4.2,1,4,4.2,0.5,2.5,1.2,0.5,3,1.8,0.5,2.5,1.8,1,4,1.8,0,1,4.2,-0.5,1.5,3.6,-0.5,1,4.2,-0.5,1.5,4.2,-1,1.5,0.2,0,1.5,0.2,-1,-1.5,0.2,-1.90735e-06,-1.5,0.2],
			"faces"    : [35,5,0,2,3,0,0,1,2,3,35,3,2,1,4,0,3,2,4,5,35,51,177,176,1,0,6,7,8,4,35,0,5,7,6,0,1,0,9,10,35,1,2,9,8,0,4,2,11,12,34,155,154,161,0,13,14,15,35,141,143,155,161,3,16,13,13,15,35,13,14,16,15,0,14,17,18,19,34,16,14,17,0,18,17,20,35,4,59,53,5,0,5,21,22,0,34,9,0,70,0,11,1,23,34,16,17,10,1,18,20,24,35,48,49,66,65,0,25,26,27,28,35,25,27,26,24,0,29,30,31,32,35,26,27,29,28,0,31,30,16,33,35,28,29,31,30,2,33,16,34,35,35,30,31,33,32,0,35,34,36,37,35,32,33,35,34,0,37,36,30,31,35,34,35,37,36,0,31,30,16,33,35,36,37,39,38,2,33,16,34,35,35,38,39,41,40,0,35,34,36,37,35,31,37,35,33,0,34,16,30,36,35,32,34,36,30,0,37,31,33,35,35,23,29,27,25,0,38,16,30,29,35,24,26,28,22,0,32,31,33,39,34,30,18,28,2,35,39,33,34,18,22,28,2,39,39,33,34,31,29,21,2,34,16,29,34,21,29,23,2,29,16,38,35,43,47,49,45,0,40,14,26,34,35,42,44,48,46,0,41,42,25,43,35,44,45,49,48,0,42,34,26,25,35,43,42,46,47,0,40,41,43,14,35,46,48,65,64,0,43,25,28,18,35,47,46,64,20,0,14,43,18,15,34,65,79,68,1,28,44,45,35,52,54,55,53,0,13,38,44,22,35,52,53,58,57,0,13,22,46,26,35,171,173,98,96,0,47,3,48,11,35,59,56,57,58,0,21,40,26,46,35,54,52,60,61,1,38,13,46,44,35,12,50,44,42,3,49,29,42,41,34,42,51,12,3,41,6,49,35,47,20,66,49,0,14,15,27,26,34,75,68,79,1,50,45,44,34,12,67,50,0,49,34,29,35,68,75,76,71,1,45,50,51,52,35,12,13,62,67,0,49,14,26,34,34,57,56,63,0,26,40,27,35,62,68,71,69,0,26,45,52,47,35,67,62,69,70,0,34,26,47,23,35,150,89,174,175,0,53,2,54,55,34,71,72,69,0,52,3,47,34,72,11,69,0,3,48,47,35,8,9,11,10,0,12,11,48,24,35,67,70,74,73,1,34,23,33,16,35,73,74,76,75,1,16,33,51,50,35,9,70,69,11,0,11,23,47,48,34,18,11,77,1,39,48,9,35,77,11,71,78,1,9,48,52,9,34,72,71,11,1,3,52,48,34,76,78,71,1,51,9,52,35,76,74,6,78,1,51,33,10,9,34,0,9,2,0,1,11,2,35,70,0,6,74,1,23,1,10,33,35,50,67,73,80,1,29,34,16,29,35,73,75,79,80,1,16,50,44,29,34,52,57,83,0,13,26,56,35,60,52,83,84,0,46,13,56,3,35,56,59,177,51,0,40,21,7,6,34,83,86,84,0,56,28,3,35,83,57,63,86,0,56,26,27,28,35,61,60,84,86,3,44,46,3,28,35,81,61,86,63,3,44,44,28,27,34,45,44,82,3,34,42,29,35,44,50,80,82,3,42,29,29,29,35,45,82,81,63,3,34,29,44,27,34,66,19,85,1,27,29,44,35,66,85,79,65,1,27,44,44,28,35,96,148,160,171,0,11,57,26,47,35,148,96,89,150,0,57,11,2,53,35,155,150,175,156,0,13,53,55,58,35,7,5,53,55,0,9,0,22,44,35,13,15,68,62,0,14,19,45,26,35,65,68,15,64,1,28,45,19,18,35,14,8,10,17,0,17,12,24,20,35,90,89,88,91,0,59,2,4,20,35,91,88,87,92,0,20,4,60,61,35,92,87,93,94,0,61,60,39,9,35,88,89,96,95,0,4,2,11,12,35,8,14,13,12,0,12,17,14,49,35,99,101,102,100,1,16,34,35,41,35,99,100,104,103,0,16,41,17,14,35,103,104,106,105,0,14,17,62,63,35,105,106,108,107,1,63,62,25,26,35,101,107,108,102,1,34,26,25,35,34,108,106,109,1,25,62,9,35,108,109,93,102,1,25,9,39,35,35,97,104,100,95,0,24,17,41,12,34,87,88,95,0,60,4,12,35,93,87,100,102,1,39,60,41,35,34,106,104,110,0,62,17,20,34,97,110,104,0,24,20,17,35,95,96,98,97,0,12,11,48,24,35,109,106,97,111,1,9,62,24,9,34,106,110,97,1,62,20,24,34,121,119,115,2,34,16,29,34,111,97,112,1,9,24,39,35,146,147,164,163,0,25,26,27,28,35,39,119,117,41,0,34,16,30,36,35,116,117,119,118,0,31,30,16,33,35,118,119,121,120,2,33,16,34,35,35,120,121,123,122,0,35,34,36,37,35,122,123,125,124,0,37,36,30,31,35,124,125,127,126,0,31,30,16,33,35,126,127,129,128,2,33,16,34,35,35,128,129,131,130,0,35,34,36,37,35,130,131,133,132,0,37,36,29,32,35,131,129,135,133,0,36,34,38,29,35,130,132,134,128,0,37,32,39,35,35,121,127,125,123,0,34,16,30,36,35,122,124,126,120,0,37,31,33,35,35,19,113,115,21,1,29,29,29,29,35,40,116,118,38,0,37,31,33,35,34,127,121,115,2,16,34,29,34,126,128,112,2,33,35,39,34,112,128,134,2,39,35,39,35,39,21,115,119,2,34,29,29,16,34,112,120,126,2,39,35,33,34,66,20,19,1,27,15,29,34,127,115,129,2,16,29,34,34,115,135,129,2,29,38,34,35,112,18,38,118,2,39,39,35,33,35,41,117,116,40,0,36,30,31,37,35,101,99,136,137,1,34,16,29,29,34,105,107,138,1,63,26,44,35,107,101,137,138,1,26,34,29,44,35,137,136,139,140,3,29,29,64,29,34,139,141,140,3,64,16,29,35,141,145,147,143,0,16,14,26,13,35,139,142,146,144,0,64,23,25,43,35,142,143,147,146,0,23,13,26,25,35,141,139,144,145,0,16,64,43,14,35,136,148,142,139,3,29,57,23,64,35,144,146,163,162,0,43,25,28,18,35,145,144,162,114,0,14,43,18,15,35,151,153,152,149,0,65,44,38,40,34,156,151,157,0,58,65,66,35,151,149,154,157,0,65,40,14,66,35,157,154,155,156,0,66,14,13,58,35,149,152,159,158,1,40,38,44,66,35,99,103,160,148,0,16,14,26,57,34,154,149,166,0,14,40,17,35,145,114,164,147,0,14,15,27,26,34,114,165,113,1,15,44,29,35,114,162,138,165,1,15,18,44,44,34,138,162,105,1,44,18,63,34,166,168,167,0,17,20,18,35,158,168,166,149,0,66,20,17,40,35,158,159,167,168,3,66,44,18,20,35,161,169,140,141,3,15,44,29,16,35,166,167,161,154,0,17,18,15,14,35,167,159,169,161,3,18,44,44,15,35,160,170,172,171,0,26,67,28,47,35,1,8,12,51,0,4,12,49,6,34,100,87,95,0,41,60,12,34,172,173,171,0,28,3,47,34,58,53,59,0,46,22,21,34,39,37,21,2,34,16,29,34,173,172,98,1,3,28,48,34,99,148,136,0,16,57,29,34,148,150,142,3,57,53,23,35,142,150,155,143,3,23,53,13,13,34,38,18,36,2,35,39,33,35,19,20,164,113,1,29,15,27,29,35,156,90,92,151,0,58,59,61,65,34,91,92,90,0,20,61,59,34,3,4,5,0,3,5,0,35,92,94,153,151,0,61,9,44,65,35,103,105,170,160,0,14,63,67,26,35,163,170,105,162,1,28,67,63,18,34,31,21,37,2,34,29,16,34,30,36,18,2,35,33,39,34,112,118,120,2,39,33,35,34,114,113,164,1,15,29,27,34,11,18,10,1,48,39,24,35,18,112,98,10,1,39,39,48,24,