	{

		"metadata": {
			"formatVersion" : 3.1,
			"generatedBy"   : "Blender 2.7 Exporter",
			"vertices"      : 20,
			"faces"         : 19,
			"normals"       : 18,
			"colors"        : 0,
			"uvs"           : [],
			"materials"     : 1,
			"morphTargets"  : 0,
			"bones"         : 0
		},

			"scale" : 1.000000,
			
			"vertices" : [2.775,-0.0499997,1.3,2.775,-0.0499999,-1.3,0.325,-0.0499999,1.3,0.725,0.15,-1.3,-0.25,-1.64657e-07,-1.3,-0.176777,-0.176777,-1.3,-1.45827e-07,-0.25,-1.3,-0.186795,0.15,-1.3,0.275,-0.25,1.3,0.725,0.15,1.3,-0.25,2.40879e-08,1.3,-0.176776,-0.176777,1.3,4.27957e-07,-0.25,1.3,-0.186794,0.15,1.3,2.775,-0.25,-1.3,2.775,-0.25,1.3,0.325,-0.0500001,-1.3,0.275,-0.25,-1.3,0.725,-0.05,-1.3,0.725,-0.0499998,1.3],
			"faces"    : [35,16,17,6,7,0,0,1,2,3,35,4,7,6,5,0,4,3,2,5,35,10,11,12,13,0,6,7,8,9,35,3,7,13,9,0,10,3,9,11,35,7,4,10,13,0,3,4,6,9,35,5,11,10,4,0,5,7,6,4,35,6,12,11,5,0,2,8,7,5,35,6,17,8,12,0,2,1,12,8,35,13,12,8,2,0,9,8,12,13,35,3,9,19,18,0,10,11,14,15,35,3,18,16,7,0,10,15,0,3,35,9,13,2,19,0,11,9,13,14,35,0,15,14,1,0,11,16,17,10,35,19,0,1,18,0,14,11,10,15,35,8,17,14,15,0,12,1,17,16,35,15,0,19,8,0,16,11,14,12,34,8,19,2,0,12,14,13,35,14,17,18,1,0,17,1,15,10,34,17,16,18,0,1,0,15],
			"uvs"      : [],
			"normals"  : [0,0,-1,0,-0.707083,-0.707083,-0.145573,-0.731864,-0.6657,-0.441877,0.665731,-0.601245,-0.776757,0.00235,-0.629749,-0.548967,-0.548967,-0.630238,-0.776757,0.00235,0.629749,-0.548967,-0.548967,0.630238,-0.145573,-0.731864,0.6657,-0.441877,0.665731,0.601245,0.577349,0.577349,-0.577349,0.577349,0.577349,0.577349,0,-0.707083,0.707083,0,0,1,0.301492,0.301492,0.904508,0.301492,0.301492,-0.904508,0.577349,-0.577349,0.577349,0.577349,-0.577349,-0.577349],
			
			"skinIndices"  : [],
			"skinWeights"  : [],
			"morphTargets" : [],
			
			"bones"      : [],
			"animations" : [],
			
			"colors"    : [],
			"materials" : [
				{
					"DbgColor": 15658734,
					"DbgIndex": 0,
					"DbgName": "Dark Grey",
					"blending": "NormalBlending",
					"colorAmbient": [0.16000000476837162, 0.16000000476837162, 0.16000000476837162],
					"colorDiffuse": [0.16000000476837162, 0.16000000476837162, 0.16000000476837162],
					"colorEmissive": [0.0, 0.0, 0.0],
					"colorSpecular": [0.5, 0.5, 0.5],
					"depthTest": true,
					"depthWrite": true,
					"shading": "Lambert",
					"specularCoef": 50,
					"transparency": 1.0,
					"transparent": false,
					"vertexColors": false
				}
			]


	}
