	{

		"metadata": {
			"formatVersion" : 3.1,
			"generatedBy"   : "Blender 2.7 Exporter",
			"vertices"      : 107,
			"faces"         : 116,
			"normals"       : 47,
			"colors"        : 0,
			"uvs"           : [],
			"materials"     : 5,
			"morphTargets"  : 0,
			"bones"         : 0
		},

			"scale" : 1.000000,
			
			"vertices" : [-4,-4,11.2,-4,-0.999999,11.4,-4,-4,11.6,-4,-0.999999,11.6,-4,6.03983e-07,11.4,-4,6.03983e-07,11.2,-4.5,-0.999999,11.4,-4.5,-0.999999,11.6,-4.5,6.79481e-07,11.4,-4.5,6.79481e-07,11.6,-2,-4,11.6,-2,-4,11.4,-0.500001,-4,11.4,-6.03983e-07,-4,11.2,-5.28485e-07,-3.5,11.4,-5.28485e-07,-3.5,11.2,-2,-3.5,11.4,-2,-3.5,11.2,-2,-4,12.2,-2,-2,11.4,-3,4.52987e-07,11.2,-3,-3.5,11.2,-3,-3.5,11.4,-3,4.52987e-07,11.4,-2,-1.5,11.6,-2,-1.5,11.4,-2,-1,11.6,-2,-1,11.4,-2.5,-1,11.6,-2.5,-1,11.4,-2.5,3.77489e-07,11.6,-2.5,3.77489e-07,11.4,-2,-2,11.6,-1,-4,12,-1,-3.5,12,-0.500001,-4,12,-5.28485e-07,-3.5,12,-6.03983e-07,-4,12,-6.03983e-07,-4,11.4,-0.500001,-4.5,11.4,-6.79481e-07,-4.5,11.4,-2,-4,12.8,-2,-3.5,12.8,-2,-3.5,12.2,-2,-3,12.2,-2,-3,12.8,-2,-2,12.8,-2,-2,12.2,-3,-4,12.2,-3,-4,12.8,-3,-3.5,12.2,-3,-3.5,12.8,-3.5,-4,12.2,-3.5,-3.5,12.2,-3.5,-4,12.8,-4,-4,12.8,-4,-4,12.2,-2.5,-3.5,12.2,-2.5,-3,12.2,-2.5,-3,12.8,-2.5,-2,12.8,-2.5,-2,12.2,-2.5,-2,11.6,-2.5,-3.5,11.6,-3.5,-3.5,11.6,-3.5,-3,12.8,-4,-3,12.8,-4,-3,12.2,-3.5,-3,12.2,-4,-2.5,12.2,-3.5,-2.5,12.2,-4,-2.5,12.8,-3.5,-2.5,12.8,-4,-1.5,12.8,-3.5,-1.5,12.8,-4,-1.5,12.2,-3.5,-1.5,12.2,-4,-0.999999,12.2,-3.5,-0.999999,12.2,-2.5,-1,12.8,-2,-1,12.8,-4.5,-0.999999,12.8,-3.5,-0.999999,12.8,-4.5,-0.499999,12.8,-3.5,-0.499999,12.8,-4.5,-0.499999,12.2,-3.5,-0.499999,12.2,-4.5,-0.999999,12.2,-4,-0.499999,12.2,-4.5,6.79481e-07,12.2,-4,6.03983e-07,12.2,-3.5,-0.499999,11.6,-4,-0.499999,11.6,-4,6.03983e-07,11.6,-1.5,-2,11.4,-1.5,-1.5,11.6,-1.5,-1.5,11.4,-1.5,-2,11.6,-1.5,-1,11.6,-1.5,-2,12.2,-1.5,-1,12.2,-1,-2,12.2,-1,-1,12.2,-1,-2,13.4,-1,-1,13.4,-2,-2,13.4,-2,-1,13.4],
			"faces"    : [35,1,0,2,3,0,0,1,2,2,35,0,1,4,5,0,1,0,3,4,35,1,3,7,6,0,0,2,2,5,34,1,6,8,0,0,5,3,34,4,1,8,0,3,0,3,34,4,8,5,0,3,3,4,35,7,9,8,6,0,2,6,3,5,35,11,0,13,12,0,7,1,8,9,35,0,11,10,2,0,1,7,10,2,35,15,17,16,14,0,11,11,12,13,35,32,44,43,10,2,10,14,15,10,34,18,10,43,2,10,10,15,35,0,5,20,21,0,1,4,16,17,35,0,21,17,13,0,1,17,11,8,34,15,13,17,0,11,8,11,35,16,17,21,22,0,12,11,17,18,35,20,23,22,21,0,16,16,18,17,35,25,27,26,24,0,17,19,20,18,35,27,29,28,26,0,19,17,21,20,35,28,29,31,30,0,21,17,16,22,35,23,31,29,22,0,16,16,17,18,35,27,25,22,29,0,19,17,18,17,34,25,19,22,0,17,23,18,34,19,16,22,0,23,12,18,35,16,11,33,34,1,12,7,24,25,35,34,33,35,36,1,25,24,26,21,35,16,34,36,14,1,12,25,21,13,34,36,35,37,1,21,26,27,35,12,35,33,11,1,9,26,24,7,34,13,38,12,0,8,8,9,35,12,38,40,39,1,9,8,28,29,34,12,39,35,1,9,29,26,35,37,35,39,40,1,27,26,29,28,34,11,16,10,0,7,12,10,35,16,19,32,10,0,12,23,10,10,34,44,32,47,2,14,10,10,35,45,44,47,46,3,30,14,10,31,35,41,18,43,42,3,30,10,15,32,35,18,41,49,48,3,10,30,33,34,35,48,49,51,50,3,34,33,35,36,35,48,50,53,52,2,34,36,15,37,34,52,56,2,2,37,2,2,35,10,48,52,2,2,10,34,37,2,34,18,48,10,2,10,34,10,35,45,46,60,59,3,30,31,38,33,35,44,45,59,58,3,14,30,33,39,35,43,44,58,57,2,15,14,39,36,35,58,59,60,61,3,39,33,38,6,35,57,58,62,63,2,36,39,38,35,34,61,62,58,2,6,38,39,35,43,57,51,42,3,15,36,35,32,34,51,57,50,3,35,36,36,35,42,51,49,41,3,32,35,33,30,35,57,63,64,50,2,36,35,32,36,34,50,64,53,2,36,32,15,35,54,55,56,52,1,30,33,2,37,35,56,55,66,67,1,2,33,35,40,35,55,54,65,66,1,33,30,32,35,35,53,65,54,52,1,15,32,30,37,34,68,65,53,1,15,32,15,35,65,68,67,66,1,32,15,40,35,35,67,68,70,69,2,40,15,14,39,35,69,70,72,71,3,39,14,30,33,35,71,72,74,73,3,33,30,32,35,35,73,74,76,75,3,35,32,15,40,35,75,76,78,77,2,40,15,14,34,35,70,76,74,72,3,14,15,32,30,35,71,73,75,69,3,33,35,40,39,35,61,79,28,62,4,6,35,21,38,34,61,60,79,4,6,38,35,35,46,80,79,60,4,31,36,35,38,35,77,78,82,81,1,34,14,30,33,35,81,82,84,83,1,33,30,32,35,34,86,88,84,1,41,42,32,34,77,81,87,1,34,33,2,35,81,83,85,87,1,33,35,40,2,35,78,86,84,82,1,14,41,32,30,35,84,88,85,83,1,32,42,40,35,35,85,88,90,89,2,40,42,22,38,35,90,88,92,93,2,22,42,32,22,35,88,86,91,92,2,42,41,43,32,34,64,68,53,2,32,15,15,34,68,64,70,2,15,32,14,35,70,64,91,76,2,14,32,43,15,34,86,78,91,2,41,14,43,34,76,91,78,2,15,43,14,35,92,91,30,93,0,32,43,22,22,34,28,30,91,0,21,22,43,35,62,28,91,64,0,38,21,43,32,34,63,62,64,0,35,38,32,35,7,85,89,9,2,2,40,38,6,34,85,7,87,2,40,2,2,35,7,3,77,87,2,2,2,34,2,34,77,3,75,2,34,2,40,35,3,2,69,75,2,2,2,39,40,34,56,67,2,2,2,40,2,34,69,2,67,2,39,2,40,35,19,25,96,94,4,23,17,18,44,35,25,24,95,96,4,17,18,45,18,35,32,19,94,97,4,10,23,44,10,35,94,96,95,97,4,44,18,45,10,35,26,98,95,24,4,20,18,45,18,35,47,32,97,99,4,10,10,10,46,35,97,95,100,99,4,10,45,20,46,34,95,98,100,4,45,18,20,35,99,100,102,101,4,46,20,18,44,35,101,102,104,103,4,44,18,32,30,35,80,46,105,106,4,36,31,33,35,35,106,105,103,104,4,35,33,30,32,34,47,99,46,4,10,46,31,35,101,105,46,99,4,44,33,31,46,34,103,105,101,4,30,33,44,35,98,26,80,100,4,18,20,36,20,35,26,28,79,80,4,20,21,35,36,35,100,80,106,102,4,20,36,35,18,34,104,102,106,4,32,18,35],
			"uvs"      : [],
			"normals"  : [-0.896451,-0.328532,-0.297311,-0.577349,-0.577349,-0.577349,-0.707083,-0.707083,0,-0.707083,-0.070345,-0.703574,-0.494919,-0.037294,-0.868099,-0.559099,-0.614734,-0.556322,-1,0,0,0.139256,-0.959197,0.245949,0,-0.707083,-0.707083,-0.301492,-0.904508,-0.301492,0.707083,-0.707083,0,0,0.707083,-0.707083,0.534562,0.843532,-0.051271,0,1,0,0.904508,-0.301492,0.301492,0.904508,0.301492,0.301492,0.707083,0,-0.707083,0.301492,0.301492,-0.904508,0.577349,0.577349,-0.577349,0.577319,0.577349,-0.577349,0.301492,0.904508,-0.301492,0,0.707083,0.707083,0.707083,0,0.707083,0.301492,-0.301492,-0.904508,-0.20246,-0.651662,0.730979,-0.20246,0.651662,0.730979,-0.137852,-0.551134,0.822932,0,-0.424146,0.905576,0,-0.905576,-0.424146,-0.549333,-0.756676,-0.354411,0.577349,-0.577349,0.577349,0,-0.707083,0.707083,0.577349,0.577349,0.577349,-0.577349,-0.577349,0.577349,-0.301492,-0.904508,0.301492,-0.577349,0.577349,0.577349,-0.301492,0.904508,0.301492,0.301492,-0.904508,0.301492,-0.707083,0,0.707083,-0.904508,-0.301492,0.301492,-0.904508,0.301492,0.301492,0.707083,0.707083,0,0.301492,0.904508,0.301492,0.301492,0.301492,0.904508,0.577349,-0.577349,-0.577349,0.904508,0.301492,-0.301492,0.301492,-0.904508,-0.301492],
			
			"skinIndices"  : [],
			"skinWeights"  : [],
			"morphTargets" : [],
			
			"bones"      : [],
			"animations" : [],
			
			"colors"    : [],
			"materials" : [
				{
					"DbgColor": 15658734,
					"DbgIndex": 0,
					"DbgName": "Gray",
					"blending": "NormalBlending",
					"colorAmbient": [0.4000000059604645, 0.4000000059604645, 0.4000000059604645],
					"colorDiffuse": [0.4000000059604645, 0.4000000059604645, 0.4000000059604645],
					"colorEmissive": [0.0, 0.0, 0.0],
					"colorSpecular": [0.5, 0.5, 0.5],
					"depthTest": true,
					"depthWrite": true,
					"shading": "Lambert",
					"specularCoef": 50,
					"transparency": 1.0,
					"transparent": false,
					"vertexColors": false
				},
				{
					"DbgColor": 15597568,
					"DbgIndex": 1,
					"DbgName": "Brown",
					"blending": "NormalBlending",
					"colorAmbient": [0.28862746191959765, 0.16000000476837162, 0.07215686547989941],
					"colorDiffuse": [0.28862746191959765, 0.16000000476837162, 0.07215686547989941],
					"colorEmissive": [0.0, 0.0, 0.0],
					"colorSpecular": [0.5, 0.5, 0.5],
					"depthTest": true,
					"depthWrite": true,
					"shading": "Lambert",
					"specularCoef": 50,
					"transparency": 1.0,
					"transparent": false,
					"vertexColors": false
				},
				{
					"DbgColor": 60928,
					"DbgIndex": 2,
					"DbgName": "Black",
					"blending": "NormalBlending",
					"colorAmbient": [0.08000000238418581, 0.08000000238418581, 0.08000000238418581],
					"colorDiffuse": [0.08000000238418581, 0.08000000238418581, 0.08000000238418581],
					"colorEmissive": [0.0, 0.0, 0.0],
					"colorSpecular": [0.5, 0.5, 0.5],
					"depthTest": true,
					"depthWrite": true,
					"shading": "Lambert",