	{

		"metadata": {
			"formatVersion" : 3.1,
			"generatedBy"   : "Blender 2.7 Exporter",
			"vertices"      : 178,
			"faces"         : 174,
			"normals"       : 54,
			"colors"        : 0,
			"uvs"           : [],
			"materials"     : 5,
			"morphTargets"  : 0,
			"bones"         : 0
		},

			"scale" : 1.000000,
			
			"vertices" : [4,-7,0,3,-7,0,3,-3,3.6,3,-4,3.6,4,-4,3.6,3,-3,0,3,-4,0,4,-4,0,2.5,-4,7.4,4,-4,3.8,3.5,-4,3.8,2.5,-3.5,3.8,3.5,-3.5,3.8,2,-2,3.6,2,-2,3.8,2.5,-2.5,8,1.5,-4,3.8,4,-4,7.4,0.500001,-4,7.4,3.5,-4,7.4,2.5,-3.5,7.4,3.5,-3.5,7.4,-0.5,-4.5,7.4,0.500001,-4.5,7.4,2.5,-2.5,3.8,4,-4,8,0.500001,-4,8,4,-4,8.2,0.500001,-4,8.2,0.500001,-4,8.8,0.500001,-3.5,8.8,1,-4,8.8,1,-3.5,8.8,1,-4,9.4,1,-3.5,9.4,2.5,-4,9.4,2.5,-3.5,9.4,2.5,-4,8.8,2.5,-3.5,8.8,3,-4,8.8,3,-3.5,8.8,3,-3.5,8.2,3,-3,8.2,2.5,-2.5,8.2,1.5,-2.5,8.2,1.5,-1.5,8.2,2.98122e-08,7.8188e-15,8.2,-0.5,-3.5,8.8,3,-3,11.2,3,-4,11.2,4,-4,11.2,0.500001,-3.5,11.2,-0.5,-3.5,11.2,-0.5,-4.5,11.4,0.500001,-4.5,11.4,0.500001,-4,11.4,0.500001,-4,11.2,2.5,-2.5,11.4,1.5,-2.5,11.4,1.5,-1.5,11.4,-0.5,-4,11.4,-0.5,-4,11.2,1,-4,10.6,1,-3.5,10.6,1,-4,11.2,1,-3.5,11.2,2.5,-4,11.2,2.5,-3.5,11.2,2.5,-4,10.6,2.5,-3.5,10.6,2.98122e-08,7.8188e-15,13.4,2,-2,13.4,1.5,-2,14,2,-2,14,0.5,-2,14.6,1,-2,14.6,1.5,-2,14.6,0.5,-2,15.2,1.5,-1.5,14,0.5,-1.5,14.6,1,-1.5,14.6,1.5,-1.5,14.6,0.5,-1.5,15.2,2.98122e-08,7.8188e-15,14,2,-2,15.2,1,-2,15.2,1,-1.5,15.2,1.5,-1.5,15.2,2.5,-4,3.8,1.5,-4,7.4,1.5,-3.5,7.4,0.500001,-4,3.8,-0.5,-4,3.8,-4.07689e-07,-1.06924e-13,8,-0.5,-4,6.8,0.500001,-4,6.8,0.500001,-3.5,7.4,1.5,-3.5,3.8,0.500001,-3.5,3.8,-4,-7,0,-3,-7,0,-3,-3,3.6,-3,-4,3.6,-4,-4,3.6,-3,-3,0,-3,-4,0,-4,-4,0,-2.5,-4,7.4,-4,-4,3.8,-3.5,-4,3.8,-2.5,-3.5,3.8,-3.5,-3.5,3.8,-2,-2,3.6,-2,-2,3.8,-2.5,-2.5,8,-1.5,-4,3.8,-4,-4,7.4,-0.5,-4,7.4,-3.5,-4,7.4,-2.5,-3.5,7.4,-3.5,-3.5,7.4,-2.5,-2.5,3.8,-4,-4,8,-0.5,-4,8,-4,-4,8.2,-0.5,-4,8.2,-0.5,-4,8.8,-1,-4,8.8,-1,-3.5,8.8,-1,-4,9.4,-1,-3.5,9.4,-2.5,-4,9.4,-2.5,-3.5,9.4,-2.5,-4,8.8,-2.5,-3.5,8.8,-3,-4,8.8,-3,-3.5,8.8,-3,-3.5,8.2,-3,-3,8.2,-2.5,-2.5,8.2,-1.5,-2.5,8.2,-1.5,-1.5,8.2,-3,-3,11.2,-3,-4,11.2,-4,-4,11.2,-2.5,-2.5,11.4,-1.5,-2.5,11.4,-1.5,-1.5,11.4,-1,-4,10.6,-1,-3.5,10.6,-1,-4,11.2,-1,-3.5,11.2,-2.5,-4,11.2,-2.5,-3.5,11.2,-2.5,-4,10.6,-2.5,-3.5,10.6,-2,-2,13.4,-1.5,-2,14,-2,-2,14,-0.5,-2,14.6,-1,-2,14.6,-1.5,-2,14.6,-0.5,-2,15.2,-1.5,-1.5,14,-0.5,-1.5,14.6,-1,-1.5,14.6,-1.5,-1.5,14.6,-0.5,-1.5,15.2,-2,-2,15.2,-1,-2,15.2,-1,-1.5,15.2,-1.5,-1.5,15.2,-2.5,-4,3.8,-1.5,-4,7.4,-1.5,-3.5,7.4,-0.5,-3.5,7.4,-1.5,-3.5,3.8,-0.5,-3.5,3.8],
			"faces"    : [35,0,4,3,1,1,0,1,2,3,34,0,7,4,1,0,4,1,34,3,6,1,1,2,5,3,35,7,0,1,6,1,4,0,3,5,34,6,5,7,0,5,6,4,35,90,89,18,96,2,7,8,9,10,35,3,4,9,10,0,2,1,11,12,35,5,104,101,2,0,6,6,13,13,34,102,92,115,0,14,12,15,35,112,113,14,13,0,6,16,16,6,35,13,2,101,112,0,6,13,13,6,35,24,14,113,121,0,17,16,16,17,34,89,26,18,2,8,18,9,35,15,24,121,114,2,13,17,17,13,35,12,21,20,11,2,19,7,10,20,35,98,91,16,97,0,20,15,12,19,34,18,95,96,1,9,21,10,35,21,19,8,20,2,7,8,22,10,34,19,17,25,2,8,11,11,35,25,27,28,26,0,11,11,18,18,35,30,29,31,32,3,23,24,12,25,35,32,31,33,34,1,25,12,19,26,35,34,33,35,36,1,26,19,20,27,35,36,35,37,38,1,27,20,15,23,35,38,37,39,40,3,23,15,12,28,35,34,36,38,32,1,26,27,23,25,34,38,40,41,3,23,28,26,35,139,138,137,140,0,29,30,27,31,35,43,44,41,42,0,29,32,26,33,34,16,3,88,0,12,2,15,35,31,37,35,33,1,12,15,20,19,35,40,48,42,41,3,28,34,33,26,35,39,49,48,40,3,12,19,34,28,35,49,39,27,50,3,19,12,11,35,34,39,37,27,3,12,15,11,35,27,37,31,28,3,11,15,12,18,34,29,28,31,3,24,18,12,35,47,52,51,30,1,25,26,27,23,35,23,54,53,22,1,36,20,19,37,35,30,51,56,29,1,23,27,38,24,34,55,54,56,1,27,20,38,35,23,29,56,54,1,36,24,38,20,35,22,94,95,23,1,37,39,21,36,35,94,92,91,95,1,39,12,15,21,34,26,23,18,1,18,36,9,35,43,57,58,44,2,29,35,19,32,35,44,58,59,45,2,32,19,34,33,34,59,58,57,2,34,19,35,34,49,50,48,3,19,35,34,35,56,61,60,55,1,38,28,26,27,35,51,52,61,56,1,27,26,28,38,35,53,54,55,60,1,19,20,27,26,35,63,62,64,65,1,40,7,19,26,35,65,64,66,67,1,26,19,20,27,35,67,66,68,69,1,27,20,10,41,35,65,67,69,63,1,26,27,41,40,35,62,68,66,64,1,7,10,20,19,35,63,69,68,62,1,40,41,10,7,34,74,72,75,1,15,11,12,35,159,157,72,74,1,12,11,11,15,34,71,73,72,4,42,11,11,35,71,72,157,156,4,42,11,11,42,34,163,78,83,4,17,17,43,34,72,76,75,1,11,11,12,35,163,164,79,78,1,17,25,23,17,34,80,78,79,1,25,17,23,34,163,165,164,1,17,23,25,34,78,80,81,1,17,25,44,35,167,162,77,82,2,26,19,20,27,35,164,167,82,79,2,25,26,27,23,35,75,80,79,74,1,12,25,23,15,35,74,79,82,77,2,15,23,27,20,35,74,77,162,159,2,15,20,19,12,35,73,84,76,72,3,11,35,11,11,35,75,85,86,80,3,12,19,26,25,35,80,86,87,81,3,25,26,16,44,35,75,76,84,85,3,12,11,35,19,35,86,85,84,87,3,26,19,35,16,35,26,89,8,25,2,18,8,22,11,35,11,20,8,88,0,20,10,22,15,34,115,172,102,0,15,12,14,35,90,97,16,89,0,7,19,12,8,34,10,88,3,0,12,15,2,35,11,88,10,12,0,20,15,12,19,35,89,16,88,8,0,8,12,15,22,35,92,102,3,91,0,12,14,2,15,34,93,15,114,0,45,13,13,35,6,3,102,105,0,5,2,14,46,35,6,105,104,5,0,5,46,6,6,34,19,25,8,2,8,11,22,35,97,90,96,98,2,19,7,10,20,35,9,17,19,10,1,11,11,8,12,35,10,19,21,12,1,12,8,7,19,35,98,96,95,91,1,20,10,21,15,34,28,23,26,1,18,36,18,34,23,28,29,1,36,18,24,34,23,95,18,1,36,21,9,35,102,103,99,100,1,14,47,3,0,34,99,103,106,1,3,47,48,34,102,100,105,1,14,0,46,35,100,99,106,105,1,0,3,48,46,34,105,106,104,0,46,48,6,35,174,175,117,173,2,10,7,49,22,35,102,109,108,103,0,14,15,11,47,34,173,117,123,2,22,49,50,35,111,110,119,120,2,20,19,7,10,34,60,61,53,1,26,28,19,35,22,53,61,126,1,37,19,28,51,35,120,119,107,118,2,10,7,8,22,34,118,122,116,2,22,52,11,35,122,123,125,124,0,52,50,50,11,35,128,130,129,127,1,23,27,20,15,35,130,132,131,129,1,27,26,19,20,35,132,134,133,131,1,26,25,12,19,35,134,136,135,133,3,25,38,15,12,35,130,128,134,132,1,27,23,25,26,34,134,137,136,3,25,27,38,35,127,129,131,133,1,15,20,19,12,35,136,137,138,142,3,38,27,30,53,35,135,136,142,143,3,15,38,53,20,35,143,144,124,135,3,20,35,11,15,34,135,124,133,3,15,11,12,35,124,125,127,133,3,11,50,15,12,34,126,127,125,3,51,15,50,34,125,123,22,1,50,50,37,34,123,117,22,1,50,49,37,35,139,140,146,145,2,29,31,20,35,35,140,141,147,146,2,31,30,53,20,34,147,145,146,2,53,35,20,34,143,142,144,3,20,53,35,35,149,151,150,148,1,41,27,20,10,35,151,153,152,150,1,27,26,19,20,35,153,155,154,152,1,26,40,7,19,35,151,149,155,153,1,27,41,40,26,35,148,150,152,154,1,10,20,19,7,35,149,148,154,155,1,41,10,7,40,34,156,157,158,4,42,11,11,34,157,160,161,1,11,15,11,34,163,166,165,1,17,44,23,35,160,159,164,165,1,15,12,25,23,35,159,162,167,164,2,12,19,26,25,35,158,157,161,168,3,11,11,11,35,35,160,165,170,169,3,15,23,27,20,35,165,166,171,170,3,23,44,16,27,35,160,169,168,161,3,15,20,35,11,35,170,171,168,169,3,27,16,35,20,35,123,122,107,173,2,50,52,8,22,35,110,172,107,119,0,19,12,8,7,35,174,173,115,176,0,10,22,15,20,34,109,102,172,0,15,14,12,35,110,111,109,172,0,19,20,15,12,35,173,107,172,115,0,22,8,12,15,34,118,107,122,2,22,8,52,35,176,177,175,174,2,20,19,7,10,35,108,109,118,116,1,11,15,22,11,35,109,111,120,118,1,15,20,10,22,35,177,92,94,175,1,19,12,39,7,34,22,117,94,1,37,49,39,35,47,126,61,52,1,25,51,28,26,35,47,128,127,126,3,25,23,15,51,34,117,175,94,1,49,7,39,34,22,126,125,1,37,51,50,35,177,176,115,92,0,19,20,15,12,35,44,140,137,41,0,32,31,27,26,35,140,44,45,141,0,31,32,33,30,34,46,141,45,0,43,30,33,34,128,47,137,3,23,25,27,34,134,128,137,3,25,23,27,34,30,32,41,3,23,25,26,34,38,41,32,3,23,26,25,35,30,41,137,47,3,23,26,27,25,34,3,16,91,0,2,12,15,34,157,159,160,1,11,12,15,34,71,156,70,4,42,42,45],
			"uvs"      : [],