	{

		"metadata": {
			"formatVersion" : 3.1,
			"generatedBy"   : "Blender 2.7 Exporter",
			"vertices"      : 210,
			"faces"         : 205,
			"normals"       : 66,
			"colors"        : 0,
			"uvs"           : [],
			"materials"     : 5,
			"morphTargets"  : 0,
			"bones"         : 0
		},

			"scale" : 1.000000,
			
			"vertices" : [4.00001,-6.99999,0,3.00001,-7,0,3,-3,3.6,3.00001,-4,3.6,4.00001,-3.99999,3.6,3,-3,0,3.00001,-4,0,4.00001,-3.99999,0,4.00001,-3.99999,3.8,3.50001,-4,3.8,2,-3.5,3.8,3.5,-3.5,3.8,2,-2,3.6,2,-2,3.8,2,-2.5,3.8,2.5,-2.5,3.8,2,-2.5,7.4,2.5,-2.5,8,0.500004,-3.3,7.4,4.00001,-3.99999,7.4,0.500005,-4,7.4,3.50001,-4,7.4,2,-3.5,7.4,3.5,-3.5,7.4,0.500006,-4.5,8.8,4.00001,-3.99999,8,0.500005,-4,8,4.00001,-3.99999,8.2,0.500005,-4,8.2,0.500005,-4,8.8,0.500004,-3.5,8.8,1.00001,-4,8.8,1,-3.5,8.8,1.00001,-4,9.4,1,-3.5,9.4,2.50001,-4,9.4,2.5,-3.5,9.4,2.50001,-4,8.8,2.5,-3.5,8.8,3.00001,-4,8.8,3,-3.5,8.8,3,-3.5,8.2,3,-3,8.2,2.5,-2.5,8.2,1.5,-2.5,8.2,1.5,-1.5,8.2,3,-3,11.2,3.00001,-4,11.2,4.00001,-3.99999,11.2,0.500004,-3.5,11.2,0.500006,-4.5,11.4,0.500005,-4,11.4,0.500005,-4,11.2,2.5,-2.5,11.4,1.5,-2.5,11.4,1.5,-1.5,11.4,1.00001,-4,10.6,1,-3.5,10.6,1.00001,-4,11.2,1,-3.5,11.2,2.50001,-4,11.2,2.5,-3.5,11.2,2.50001,-4,10.6,2.5,-3.5,10.6,2,-2,13.4,1.5,-2,14,2,-2,14,0.500003,-2,14.6,1,-2,14.6,1.5,-2,14.6,0.500003,-2,15.2,1.5,-1.5,14,0.500002,-1.5,14.6,1,-1.5,14.6,1.5,-1.5,14.6,0.500002,-1.5,15.2,2,-2,15.2,1,-2,15.2,1,-1.5,15.2,1.5,-1.5,15.2,2,-3.3,7.4,2,-3.3,4.4,2,-3.1,4.4,2,-3.1,3.8,1.5,-3.3,6.4,1.5,-3.3,4.4,1.5,-3.1,4.4,1.5,-3.1,6.4,0.500004,-3.3,6.4,0.500005,-3.9,6.9,0.500005,-3.9,7.4,1.5,-2.9,4.4,1.5,-2.9,6.4,1.5,-2.7,4.4,1.5,-2.7,6.4,2,-2.9,4.4,2,-2.7,4.4,1.5,-3.1,3.8,1.5,-2.9,3.8,2,-2.9,3.8,2,-2.7,7.4,0.500006,-4.5,8.2,0.500006,-4.5,8,-3.99999,-7,0,-2.99999,-7,0,-3,-3,3.6,-2.99999,-4,3.6,-3.99999,-4,3.6,-3,-3,0,-2.99999,-4,0,-3.99999,-4,0,-3.99999,-4,3.8,-3.49999,-4,3.8,-2,-3.5,3.8,-3.5,-3.5,3.8,-2,-2,3.6,-2,-2,3.8,-2,-2.5,3.8,-2.5,-2.5,3.8,-2,-2.5,7.4,-2.5,-2.5,8,-0.499996,-3.3,7.4,-3.99999,-4,7.4,-0.499995,-4,7.4,-3.49999,-4,7.4,-2,-3.5,7.4,-3.5,-3.5,7.4,-0.499994,-4.5,8.8,-3.99999,-4,8,-0.499995,-4,8,-3.99999,-4,8.2,-0.499995,-4,8.2,-0.499995,-4,8.8,-0.499996,-3.5,8.8,-0.999995,-4,8.8,-0.999996,-3.5,8.8,-0.999995,-4,9.4,-0.999996,-3.5,9.4,-2.49999,-4,9.4,-2.5,-3.5,9.4,-2.49999,-4,8.8,-2.5,-3.5,8.8,-2.99999,-4,8.8,-3,-3.5,8.8,-3,-3.5,8.2,-3,-3,8.2,-2.5,-2.5,8.2,-1.5,-2.5,8.2,-1.5,-1.5,8.2,-2.98122e-08,9.53674e-07,8.2,-3,-3,11.2,-2.99999,-4,11.2,-3.99999,-4,11.2,-0.499996,-3.5,11.2,-0.499994,-4.5,11.4,-0.499995,-4,11.4,-0.499995,-4,11.2,-2.5,-2.5,11.4,-1.5,-2.5,11.4,-1.5,-1.5,11.4,-0.999995,-4,10.6,-0.999996,-3.5,10.6,-0.999995,-4,11.2,-0.999996,-3.5,11.2,-2.49999,-4,11.2,-2.5,-3.5,11.2,-2.49999,-4,10.6,-2.5,-3.5,10.6,-2.98122e-08,9.53674e-07,13.4,-2,-2,13.4,-1.5,-2,14,-2,-2,14,-0.499997,-2,14.6,-0.999997,-2,14.6,-1.5,-2,14.6,-0.499997,-2,15.2,-1.5,-1.5,14,-0.499998,-1.5,14.6,-0.999998,-1.5,14.6,-1.5,-1.5,14.6,-0.499998,-1.5,15.2,-2.98122e-08,9.53674e-07,14,-2,-2,15.2,-0.999997,-2,15.2,-0.999998,-1.5,15.2,-1.5,-1.5,15.2,-2,-3.3,7.4,-2,-3.3,4.4,-2,-3.1,4.4,-2,-3.1,3.8,-1.5,-3.3,6.4,-1.5,-3.3,4.4,-1.5,-3.1,4.4,-1.5,-3.1,6.4,-0.499996,-3.3,6.4,-0.499995,-3.9,6.9,-0.499995,-3.9,7.4,-1.5,-2.9,4.4,-1.5,-2.9,6.4,-1.5,-2.7,4.4,-1.5,-2.7,6.4,-2,-2.9,4.4,-2,-2.7,4.4,-1.5,-3.1,3.8,-1.5,-2.9,3.8,-2,-2.9,3.8,-2,-2.7,7.4,4.07689e-07,9.53675e-07,8,-0.499994,-4.5,8.2,-0.499994,-4.5,8],
			"faces"    : [35,0,4,3,1,1,0,1,2,3,34,0,7,4,1,0,4,1,34,3,6,1,1,2,5,3,35,7,0,1,6,1,4,0,3,5,34,6,5,7,0,5,6,4,35,3,4,8,9,0,2,1,7,8,35,14,16,17,15,2,9,10,11,12,35,11,23,22,10,2,13,14,5,15,35,88,84,80,18,0,16,17,14,18,35,16,14,96,100,2,10,9,19,20,35,20,90,22,21,2,21,22,5,17,35,20,21,25,26,2,21,17,7,23,34,21,19,25,2,17,7,7,35,25,27,28,26,0,7,7,23,23,35,30,29,31,32,3,24,25,8,26,35,32,31,33,34,1,26,8,13,27,35,34,33,35,36,1,27,13,28,29,35,36,35,37,38,1,29,28,30,24,35,38,37,39,40,3,24,30,8,31,35,34,36,38,32,1,27,29,24,26,34,38,40,41,3,24,31,27,35,31,37,35,33,1,8,30,28,13,35,40,46,42,41,3,31,32,33,27,35,39,47,46,40,3,8,13,32,31,35,47,39,27,48,3,13,8,7,34,34,39,37,27,3,8,30,7,35,27,37,31,28,3,7,30,8,23,34,29,28,31,3,25,23,8,35,30,49,52,29,1,24,29,35,25,34,51,50,52,1,29,28,35,35,24,29,52,50,1,23,25,35,28,35,24,101,28,29,1,23,23,23,25,35,43,53,54,44,2,36,34,13,15,35,44,54,55,45,2,15,13,32,33,34,55,54,53,2,32,13,34,34,47,48,46,3,13,34,32,35,57,56,58,59,1,20,14,13,27,35,59,58,60,61,1,27,13,28,29,35,61,60,62,63,1,29,28,18,37,35,59,61,63,57,1,27,29,37,20,35,56,62,60,58,1,14,18,28,13,35,57,63,62,56,1,20,37,18,14,34,64,66,65,4,38,7,7,34,65,69,68,1,7,7,8,34,71,73,74,1,12,26,39,35,68,73,72,67,1,8,26,24,30,35,67,72,75,70,2,30,24,29,28,35,66,76,69,65,3,7,34,7,7,35,68,77,78,73,3,8,13,27,26,35,73,78,79,74,3,26,27,40,39,35,68,69,76,77,3,8,7,34,13,35,78,77,76,79,3,27,13,34,40,35,10,22,80,81,2,15,5,14,41,35,10,81,82,83,2,15,41,14,13,35,81,85,86,82,0,41,14,41,14,35,80,84,85,81,0,14,17,14,41,35,84,87,86,85,0,17,42,41,14,35,88,18,90,89,3,16,18,22,43,35,87,92,91,86,4,42,42,19,41,35,92,94,93,91,0,42,10,20,19,35,93,96,95,91,0,20,19,20,19,35,95,99,98,91,1,20,27,9,19,35,91,98,97,86,4,19,9,15,41,35,86,97,83,82,4,41,15,13,14,35,94,100,96,93,0,10,20,19,20,35,95,96,14,99,2,20,19,9,27,35,26,28,101,102,1,23,23,23,44,34,22,23,21,2,5,14,17,35,8,19,21,9,1,7,7,17,8,35,9,21,23,11,1,8,17,14,13,35,18,80,22,90,2,18,14,5,22,34,26,102,20,1,23,44,21,35,106,107,103,104,1,45,46,3,0,34,103,107,110,1,3,46,47,34,106,104,109,1,45,0,22,35,104,103,110,109,1,0,3,47,22,34,109,110,108,0,22,47,6,35,9,112,106,3,0,8,30,45,2,35,106,112,111,107,0,45,30,7,46,35,98,204,203,97,1,9,48,49,15,35,6,3,106,109,0,5,2,45,22,35,6,109,108,5,0,5,22,6,6,35,5,108,105,2,0,6,6,11,11,35,12,2,105,115,0,6,11,11,6,34,15,13,14,0,12,40,9,35,117,118,120,119,2,48,12,11,50,35,114,113,125,126,2,28,49,22,18,35,30,133,153,49,1,24,26,51,29,35,194,88,89,195,3,52,16,43,53,35,194,121,186,190,0,52,14,18,54,35,119,206,202,117,2,50,37,55,48,35,123,124,125,196,2,56,54,22,5,35,123,129,128,124,2,56,57,7,54,34,124,128,122,2,54,7,7,35,128,129,131,130,0,7,57,57,7,35,133,135,134,132,3,26,24,30,58,35,135,137,136,134,1,24,29,28,30,35,137,139,138,136,1,29,27,13,28,35,139,141,140,138,1,27,26,8,13,35,141,143,142,140,3,26,35,30,8,35,137,135,141,139,1,29,24,26,27,34,30,32,41,3,24,26,27,34,38,41,32,3,24,27,26,34,141,144,143,3,26,29,35,35,45,148,147,44,0,33,59,49,15,35,44,147,144,41,0,15,49,29,27,35,146,145,144,147,0,36,59,29,49,34,133,144,135,3,26,29,24,35,134,136,138,140,1,30,28,13,8,35,143,144,145,150,3,35,29,59,60,35,142,143,150,151,3,30,35,60,28,35,151,152,130,142,3,28,34,7,30,34,142,130,140,3,30,7,8,35,130,131,134,140,3,7,57,30,8,34,132,134,131,3,58,30,57,35,153,156,52,49,1,51,31,35,29,35,127,24,50,154,1,57,23,28,13,35,133,132,156,153,1,26,58,31,51,34,155,156,154,1,27,31,13,35,127,154,156,132,1,57,13,31,58,35,127,132,131,208,1,57,58,57,57,35,87,193,198,92,1,42,61,61,42,35,24,127,208,101,1,23,57,57,23,35,146,147,158,157,2,36,49,28,34,35,147,148,159,158,2,49,59,60,28,34,159,157,158,2,60,34,28,34,151,150,152,3,28,60,34,35,101,208,209,102,1,23,57,62,44,35,50,51,155,154,1,28,29,27,13,35,195,89,90,196,3,53,43,22,5,35,161,163,162,160,1,37,29,28,18,35,163,165,164,162,1,29,27,13,28,35,165,167,166,164,1,27,20,14,13,35,163,161,167,165,1,29,37,20,27,35,160,162,164,166,1,18,28,13,14,35,161,160,166,167,1,37,18,14,20,34,68,67,65,1,8,30,7,34,170,172,173,1,7,8,30,34,169,170,171,4,38,7,7,35,176,177,72,71,1,12,26,24,12,35,70,75,180,175,2,28,29,27,13,34,170,173,174,1,7,30,7,35,172,67,70,175,2,8,30,28,13,34,176,178,177,1,12,24,26,35,64,65,170,169,4,38,7,7,38,34,176,179,178,1,12,39,24,35,177,180,75,72,2,26,27,29,24,34,73,71,72,1,26,12,24,35,173,172,177,178,1,30,8,26,24,35,172,175,180,177,2,8,13,27,26,34,169,168,64,4,38,63,38,35,171,170,174,182,3,7,7,7,34,35,173,178,184,183,3,30,24,29,28,35,178,179,185,184,3,24,39,40,29,35,173,183,182,174,3,30,28,34,7,35,184,185,182,183,3,29,40,34,28,35,13,116,117,14,0,40,40,48,9,35,113,187,186,125,2,49,64,18,22,35,113,189,188,187,2,49,28,18,64,35,187,188,192,191,0,64,