	{

		"metadata": {
			"formatVersion" : 3.1,
			"generatedBy"   : "Blender 2.7 Exporter",
			"vertices"      : 222,
			"faces"         : 288,
			"normals"       : 77,
			"colors"        : 0,
			"uvs"           : [],
			"materials"     : 3,
			"morphTargets"  : 0,
			"bones"         : 0
		},

			"scale" : 1.000000,
			
			"vertices" : [2.75,-1,3.4,2.75,-1.5,2.6,1.75,-0.5,2.6,1.75,-1,3.4,0.750002,-1,3.4,0.750002,-0.5,2.6,2.75,-0.5,2.6,0.750002,-1,2.6,1.75,-1,2.6,0.750001,-1.5,2,0.788061,-1.5,2.19134,0.896448,-1.5,2.35355,1.05866,-1.5,2.46194,1.25,-1.5,2.5,1.44134,-1.5,2.46194,1.60355,-1.5,2.35355,1.71194,-1.5,2.19134,1.75,-1.5,2,2.75,-0.5,2,0.750002,-1.5,0.799999,1.75,-1,2,1.71194,-1,2.19134,1.60355,-1,2.35355,1.44134,-1,2.46194,1.25,-1,2.5,1.05866,-1,2.46194,0.896448,-1,2.35355,0.788061,-1,2.19134,0.750001,-1,2,1.75,-0.5,2.8,2.75,-1.5,3.4,0.750002,-0.5,2.8,1.75,-1.5,0.799999,2.75,-1.5,0.799998,1.75,-0.500001,2,2.75,-1,1.4,1.75,-1,1.4,0.750001,-0.500001,2,0.750001,-1,1.4,0.250001,-1.5,0.199999,2.25,-1.49999,-0.400001,0.250001,-1.49999,-8.9407e-07,2.25,-1.49999,-0.600001,2.75,-0.5,2.8,1.75,-1,0.799999,0.750002,-1,0.799999,2.25,-1,-0.400001,0.250002,-1,0.199999,2.75,-1,0.799999,2.75,1,3.4,2.75,1.5,2.6,1.75,0.500002,2.6,1.75,1,3.4,0.750001,1,3.4,0.750001,0.500002,2.6,2.75,0.500002,2.6,0.750001,1,2.6,1.75,1,2.6,0.75,1.5,2,0.78806,1.5,2.19134,0.896447,1.5,2.35355,1.05866,1.5,2.46194,1.25,1.5,2.5,1.44134,1.5,2.46194,1.60355,1.5,2.35355,1.71194,1.5,2.19134,1.75,1.5,2,2.75,0.500002,2,0.750001,1.5,0.8,1.75,1,2,1.71194,1,2.19134,1.60355,1,2.35355,1.44134,1,2.46194,1.25,1,2.5,1.05866,1,2.46194,0.896447,1,2.35355,0.78806,1,2.19134,0.75,1,2,1.75,0.500002,2.8,2.75,1.5,3.4,0.750001,0.500002,2.8,1.75,1.5,0.8,2.75,1.5,0.799999,1.75,0.500003,2,2.75,1,1.4,1.75,1,1.4,0.75,0.500003,2,0.75,1,1.4,0.25,1.5,0.2,2.25,1.5,-0.4,0.25,1.5,0,2.25,1.5,-0.6,2.75,0.500002,2.8,1.75,1,0.8,0.750001,1,0.8,2.25,1,-0.4,0.250001,1,0.2,2.75,1,0.8,-0.249998,-0.5,2.6,-0.249998,-1,3.4,-2.75,-1,3.4,-2.75,-1,2.6,-0.249998,-1,2.6,-2.75,-1.5,3.4,-1.25,-1.5,2,-1.21194,-1.5,2.19134,-1.10355,-1.5,2.35355,-0.941341,-1.5,2.46194,-0.749999,-1.5,2.5,-0.558657,-1.5,2.46194,-0.396446,-1.5,2.35355,-0.288059,-1.5,2.19134,-0.249999,-1.5,2,-2.75,-1.5,2.6,-1.75,-1,0.799999,-1.25,-1.5,0.799999,-0.249999,-1,2,-0.288059,-1,2.19134,-0.396446,-1,2.35355,-0.558657,-1,2.46194,-0.749999,-1,2.5,-0.941341,-1,2.46194,-1.10355,-1,2.35355,-1.21194,-1,2.19134,-1.25,-1,2,-0.249998,-0.5,2.8,-0.249998,-1.5,0.799999,-0.249999,-0.500001,2,-0.249999,-1,1.4,-1.25,-1,0.799999,-1.75,-1.5,0.799999,-2.75,-1.5,0.199999,-2.75,-1.5,-1.01328e-06,-0.249998,-1,0.799999,-1.25,1.5,2,-2.75,-1,0.199999,-2.75,1,0.8,-0.249999,0.500002,2.6,-0.249999,1,3.4,-2.75,1,3.4,-2.75,1,2.6,-0.249999,1,2.6,-2.75,1.5,3.4,-1.10355,1.5,2.35355,2.75,-1.5,-0.400001,-1.10355,0.999999,2.35355,-0.941342,1.5,2.46194,-0.75,1.5,2.5,-0.558658,1.5,2.46194,-0.396447,1.5,2.35355,-0.28806,1.5,2.19134,-0.25,1.5,2,-2.75,1.5,2.6,-2.75,1.5,0.8,-1.25,1.5,0.8,-0.25,1,2,-0.28806,1,2.19134,-0.396447,1,2.35355,-0.558658,1,2.46194,-0.75,1,2.5,-0.941342,1,2.46194,-1.21194,0.999999,2.19134,-1.25,0.999999,2,2.75,-1.5,-0.600001,-0.249999,0.500002,2.8,-0.249999,1.5,0.8,-0.25,0.500003,2,-0.25,1,1.4,-1.25,1,0.8,-2.75,-1,0.799999,-2.75,1.5,0.2,-2.75,1.5,0,-0.249999,1,0.8,-1.21194,1.5,2.19134,-2.75,1,0.2,-2.75,-1.5,0.799999,-2.25,-1,0.799999,-2.25,-1.5,0.799999,-1.75,1.5,0.799999,-1.75,1,0.799999,-2.25,1.5,0.799999,-2.25,1,0.799999,-2.25,-1.5,1.65,-2.23097,-1.5,1.74567,-2.17678,-1.5,1.82678,-2.09567,-1.5,1.88097,-2,-1.5,1.9,-1.90433,-1.5,1.88097,-1.82322,-1.5,1.82678,-1.76903,-1.5,1.74567,-1.75,-1.5,1.65,-2.25,-1,1.65,-2.23097,-1,1.74567,-2.17678,-1,1.82678,-2.09567,-1,1.88097,-2,-1,1.9,-1.90433,-1,1.88097,-1.82322,-1,1.82678,-1.76903,-1,1.74567,-1.75,-1,1.65,-2.25,0.999999,1.65,-2.23097,0.999999,1.74567,-2.17678,0.999999,1.82678,-2.09567,0.999999,1.88097,-2,0.999999,1.9,-1.90433,0.999999,1.88097,-1.82322,0.999999,1.82678,-1.76903,0.999999,1.74567,-1.75,0.999999,1.65,-2.25,1.5,1.65,-2.23097,1.5,1.74567,-2.17678,1.5,1.82678,-2.09567,1.5,1.88097,-2,1.5,1.9,-1.90433,1.5,1.88097,-1.82322,1.5,1.82678,-1.76903,1.5,1.74567,-1.75,1.5,1.65,2.75,-1,-0.400001,2.75,1.5,-0.4,2.75,1.5,-0.6,2.75,1,-0.4],