	{

		"metadata": {
			"formatVersion" : 3.1,
			"generatedBy"   : "Blender 2.7 Exporter",
			"vertices"      : 20,
			"faces"         : 20,
			"normals"       : 12,
			"colors"        : 0,
			"uvs"           : [],
			"materials"     : 3,
			"morphTargets"  : 0,
			"bones"         : 0
		},

			"scale" : 1.000000,
			
			"vertices" : [0.499999,-1,1,0.499999,-1,0.4,0.499999,0.499999,1,0.499999,0.499998,0,0.499999,-2,0.4,0.499999,-2,1,0.499999,-0.5,1,0.499999,-0.5,0.4,0.499999,-2.5,0.4,0.499999,-2.5,2.98023e-08,-1.19209e-06,-1,1,-1.19209e-06,-1,0.4,-1.19209e-06,0.499999,1,-1.19209e-06,0.499998,0,-1.19209e-06,-2,0.4,-1.19209e-06,-2,1,-1.19209e-06,-0.5,1,-1.19209e-06,-0.5,0.4,-1.19209e-06,-2.5,0.4,-1.19209e-06,-2.5,2.98023e-08],
			"faces"    : [35,3,2,6,7,0,0,1,2,3,35,0,5,4,1,0,1,2,3,4,34,8,9,4,0,2,5,3,34,4,9,1,0,3,5,4,35,9,3,7,1,0,5,0,3,4,35,13,17,16,12,0,6,7,8,9,35,10,11,14,15,0,9,10,7,8,34,18,14,19,0,8,7,11,34,14,11,19,0,7,10,11,35,19,11,17,13,0,11,10,7,6,35,4,5,15,14,0,3,2,8,7,35,6,2,12,16,0,2,1,9,8,35,1,7,17,11,0,4,3,7,10,35,8,4,14,18,0,2,3,7,8,35,9,8,18,19,0,5,2,8,11,35,7,6,16,17,0,3,2,8,7,35,3,9,19,13,0,0,5,11,6,35,0,1,11,10,0,1,4,10,9,35,2,3,13,12,0,1,0,6,9,35,5,0,10,15,0,2,1,9,8],
			"uvs"      : [],
			"normals"  : [0.577349,0.577349,-0.577349,0.577349,0.577349,0.577349,0.577349,-0.577349,0.577349,0.904508,-0.301492,0.301492,0.904508,0.301492,0.301492,0.577349,-0.577349,-0.577349,-0.577349,0.577349,-0.577349,-0.904508,-0.301492,0.301492,-0.577349,-0.577349,0.577349,-0.577349,0.577349,0.577349,-0.904508,0.301492,0.301492,-0.577349,-0.577349,-0.577349],
			
			"skinIndices"  : [],
			"skinWeights"  : [],
			"morphTargets" : [],
			
			"bones"      : [],
			"animations" : [],
			
			"colors"    : [],
			"materials" : [
				{
					"DbgColor": 15658734,
					"DbgIndex": 0,
					"DbgName": "Red",
					"blending": "NormalBlending",
					"colorAmbient": [0.800000011920929, 0.0, 0.0],
					"colorDiffuse": [0.800000011920929, 0.0, 0.0],
					"colorEmissive": [0.0, 0.0, 0.0],
					"colorSpecular": [0.5, 0.5, 0.5],
					"depthTest": true,
					"depthWrite": true,
					"shading": "Lambert",
					"specularCoef": 50,
					"transparency": 1.0,
					"transparent": false,
					"vertexColors": false
				},
				{
					"DbgColor": 15597568,
					"DbgIndex": 1,
					"DbgName": "Black",
					"blending": "NormalBlending",
					"colorAmbient": [0.08000000238418581, 0.08000000238418581, 0.08000000238418581],
					"colorDiffuse": [0.08000000238418581, 0.08000000238418581, 0.08000000238418581],
					"colorEmissive": [0.0, 0.0, 0.0],
					"colorSpecular": [0.5, 0.5, 0.5],
					"depthTest": true,
					"depthWrite": true,
					"shading": "Lambert",
					"specularCoef": 50,
					"transparency": 1.0,
					"transparent": false,
					"vertexColors": false
				},
				{
					"DbgColor": 60928,
					"DbgIndex": 2,
					"DbgName": "Gray",
					"blending": "NormalBlending",
					"colorAmbient": [0.4000000059604645, 0.4000000059604645, 0.4000000059604645],
					"colorDiffuse": [0.4000000059604645, 0.4000000059604645, 0.4000000059604645],
					"colorEmissive": [0.0, 0.0, 0.0],
					"colorSpecular": [0.5, 0.5, 0.5],
					"depthTest": true,
					"depthWrite": true,
					"shading": "Lambert",
					"specularCoef": 50,
					"transparency": 1.0,
					"transparent": false,
					"vertexColors": false
				}
			]


	}
