	{

		"metadata": {
			"formatVersion" : 3.1,
			"generatedBy"   : "Blender 2.7 Exporter",
			"vertices"      : 8,
			"faces"         : 6,
			"normals"       : 8,
			"colors"        : 0,
			"uvs"           : [],
			"materials"     : 1,
			"morphTargets"  : 0,
			"bones"         : 0
		},

			"scale" : 1.000000,
			
			"vertices" : [0.5,-0.2,0.7,0.5,-0.2,0.2,0.5,-2.98023e-08,-1.19209e-07,0.5,1.39091e-08,1,-0.5,1.39091e-08,1,-0.5,-2.98023e-08,-1.19209e-07,-0.5,-0.2,0.2,-0.5,-0.2,0.7],
			"faces"    : [35,5,2,1,6,0,0,1,2,3,35,7,0,3,4,0,4,5,6,7,35,0,7,6,1,0,5,4,3,2,35,0,1,2,3,0,5,2,1,6,35,5,6,7,4,0,0,3,4,7,35,4,3,2,5,0,7,6,1,0],
			"uvs"      : [],
			"normals"  : [-0.546892,0.320353,-0.773431,0.546892,0.320353,-0.773431,0.630238,-0.717277,-0.297098,-0.630238,-0.717277,-0.297098,-0.647298,-0.729484,0.220862,0.647298,-0.729484,0.220862,0.542528,0.243416,0.803949,-0.542528,0.243416,0.803949],
			
			"skinIndices"  : [],
			"skinWeights"  : [],
			"morphTargets" : [],
			
			"bones"      : [],
			"animations" : [],
			
			"colors"    : [],
			"materials" : [
				{
					"DbgColor": 15658734,
					"DbgIndex": 0,
					"DbgName": "Yellow",
					"blending": "NormalBlending",
					"colorAmbient": [0.800000011920929, 0.800000011920929, 0.0],
					"colorDiffuse": [0.800000011920929, 0.800000011920929, 0.0],
					"colorEmissive": [0.0, 0.0, 0.0],
					"colorSpecular": [0.5, 0.5, 0.5],
					"depthTest": true,
					"depthWrite": true,
					"shading": "Lambert",
					"specularCoef": 50,
					"transparency": 1.0,
					"transparent": false,
					"vertexColors": false
				}
			]


	}
