	{

		"metadata": {
			"formatVersion" : 3.1,
			"generatedBy"   : "Blender 2.7 Exporter",
			"vertices"      : 16,
			"faces"         : 16,
			"normals"       : 12,
			"colors"        : 0,
			"uvs"           : [],
			"materials"     : 3,
			"morphTargets"  : 0,
			"bones"         : 0
		},

			"scale" : 1.000000,
			
			"vertices" : [0.499999,-0.500001,4.4,0.999999,-0.500001,3.8,-0.499999,-0.500001,4.4,-0.999999,-0.500002,3.8,-0.999999,-1,3.8,-0.499999,-1,4.4,0.999999,-1,3.8,0.499999,-1,4.4,-0.999999,-0.500001,4.4,-0.499999,-0.500001,5,0.999999,-0.500001,4.4,0.499999,-0.500001,5,-0.999999,-1,4.4,-0.499999,-1,5,0.999999,-1,4.4,0.499999,-1,5],
			"faces"    : [35,4,6,7,5,0,0,1,2,3,35,0,1,3,2,0,4,5,6,7,35,0,2,9,11,1,4,7,8,9,34,3,8,2,0,6,8,7,34,0,10,1,0,4,9,5,35,7,15,13,5,1,2,10,11,3,34,4,5,12,0,0,3,11,34,7,6,14,0,2,1,10,35,10,14,6,1,0,9,10,1,5,35,0,7,14,10,0,4,2,10,9,35,3,4,12,8,0,6,0,11,8,35,8,12,5,2,0,8,11,3,7,35,9,13,15,11,1,8,11,10,9,35,7,0,11,15,1,2,4,9,10,35,2,5,13,9,1,7,3,11,8,35,1,6,4,3,0,5,1,0,6],
			"uvs"      : [],
			"normals"  : [-0.577349,-0.577349,-0.577349,0.577349,-0.577349,-0.577349,0.301492,-0.904508,0.301492,-0.301492,-0.904508,0.301492,0.301492,0.904508,0.301492,0.577349,0.577349,-0.577349,-0.577349,0.577349,-0.577349,-0.301492,0.904508,0.301492,-0.577349,0.577349,0.577349,0.577349,0.577349,0.577349,0.577349,-0.577349,0.577349,-0.577349,-0.577349,0.577349],
			
			"skinIndices"  : [],
			"skinWeights"  : [],
			"morphTargets" : [],
			
			"bones"      : [],
			"animations" : [],
			
			"colors"    : [],
			"materials" : [
				{
					"DbgColor": 15658734,
					"DbgIndex": 0,
					"DbgName": "Red",
					"blending": "NormalBlending",
					"colorAmbient": [0.800000011920929, 0.0, 0.0],
					"colorDiffuse": [0.800000011920929, 0.0, 0.0],
					"colorEmissive": [0.0, 0.0, 0.0],
					"colorSpecular": [0.5, 0.5, 0.5],
					"depthTest": true,
					"depthWrite": true,
					"shading": "Lambert",
					"specularCoef": 50,
					"transparency": 1.0,
					"transparent": false,
					"vertexColors": false
				},
				{
					"DbgColor": 15597568,
					"DbgIndex": 1,
					"DbgName": "Black",
					"blending": "NormalBlending",
					"colorAmbient": [0.08000000238418581, 0.08000000238418581, 0.08000000238418581],
					"colorDiffuse": [0.08000000238418581, 0.08000000238418581, 0.08000000238418581],
					"colorEmissive": [0.0, 0.0, 0.0],
					"colorSpecular": [0.5, 0.5, 0.5],
					"depthTest": true,
					"depthWrite": true,
					"shading": "Lambert",
					"specularCoef": 50,
					"transparency": 1.0,
					"transparent": false,
					"vertexColors": false
				},
				{
					"DbgColor": 60928,
					"DbgIndex": 2,
					"DbgName": "Gray",
					"blending": "NormalBlending",
					"colorAmbient": [0.4000000059604645, 0.4000000059604645, 0.4000000059604645],
					"colorDiffuse": [0.4000000059604645, 0.4000000059604645, 0.4000000059604645],
					"colorEmissive": [0.0, 0.0, 0.0],
					"colorSpecular": [0.5, 0.5, 0.5],
					"depthTest": true,
					"depthWrite": true,
					"shading": "Lambert",
					"specularCoef": 50,
					"transparency": 1.0,
					"transparent": false,
					"vertexColors": false
				}
			]


	}
