	{

		"metadata": {
			"formatVersion" : 3.1,
			"generatedBy"   : "Blender 2.7 Exporter",
			"vertices"      : 81,
			"faces"         : 72,
			"normals"       : 45,
			"colors"        : 0,
			"uvs"           : [],
			"materials"     : 3,
			"morphTargets"  : 0,
			"bones"         : 0
		},

			"scale" : 1.000000,
			
			"vertices" : [1.19209e-06,-1,4.4,-0.499999,0.499998,-6,1,1,3.8,0.500001,0.499998,-6,1,1,3.6,0.500001,0.499998,3.6,0.999999,-1.19209e-06,6.2,-0.499999,0,6.2,1,-0.500002,-6,-0.499999,0,5.6,1,-0.500002,3.6,-0.999999,-1.43051e-06,4.4,-0.999999,0.499998,-6,0.500001,-0.500002,-6,0.500001,-0.500002,3.6,1,0.499998,-6,1,0.499998,3.6,-0.999999,0.499998,3.6,1,-1,3.8,-0.999999,-1.43051e-06,3.8,1,-1,3.6,1.19209e-06,-1,3.8,9.53674e-07,0,4.4,-0.499999,0.5,7,-0.499999,0,7,-0.999999,0,7,-0.999999,0,7.6,-0.999999,-1,6.4,0.500001,0,6.2,0.500001,-1,7.6,0.500001,-0.500002,7.6,-0.499999,0,7.6,0.999999,-0.500002,7.6,0.999999,-0.500002,6.4,0.999999,-1,7.6,9.53674e-07,0,3.8,-0.999999,-1,3.8,0.500001,-1,-6,0.500001,-1,3.6,-0.999999,-1,3.6,-0.999999,-1,-6,9.53674e-07,0,6.2,1.07288e-06,-0.500002,7.6,1.3113e-06,-1,7.6,1.07288e-06,-0.500002,7,1.3113e-06,-1,7,-0.999999,-1,7.6,-0.499999,-0.500002,7.6,-0.499999,-0.500002,6.4,9.53674e-07,0,6.4,0.500001,-0.500002,7,0.500001,-1,7,1.19209e-06,-1,6.2,9.53674e-07,-0.5,5.6,9.53674e-07,0,5.6,-0.499999,0.999998,-6,1,-1,6.2,-0.999999,0,6.2,0.500001,-0.5,6.2,9.53674e-07,-0.5,6.2,-0.499999,0.499998,3.6,-0.999999,-1,4.4,-0.499999,0.999998,3.6,-0.999999,0.999998,3.6,-0.999999,0.999998,3.8,-0.499999,0.5,6.2,9.53674e-07,0.5,6.2,-0.999999,1,6.2,9.53674e-07,1,6.2,0.999999,-1.19209e-06,6.4,9.53674e-07,1,6.4,1,-1,6.4,-0.999999,1,6.4,-0.999999,0.5,7,-0.499999,0.5,7.6,-0.999999,0.5,7.6,-0.499999,1,7.6,-0.999999,1,7.6,-0.499999,1,6.4,0.500001,0.999998,-6,0.500001,0.999998,3.6],
			"faces"    : [35,13,8,10,14,0,0,1,1,2,35,15,3,5,16,0,3,4,5,3,35,12,17,60,1,1,6,7,6,8,35,57,7,9,11,1,7,6,9,10,35,11,9,54,22,1,10,9,11,12,35,18,21,38,20,2,13,14,15,1,35,26,31,24,25,2,16,17,18,19,35,45,43,46,27,2,14,20,21,22,35,26,46,47,31,2,16,21,23,17,35,36,61,11,19,0,22,22,10,19,35,61,0,52,27,1,22,24,15,22,35,69,49,48,33,1,25,23,17,25,35,30,29,34,32,2,16,21,13,25,35,50,30,32,33,2,26,16,25,25,35,50,33,48,44,2,26,25,17,27,35,29,51,71,34,2,21,28,29,13,35,10,20,38,14,2,1,1,15,2,35,22,35,19,11,0,12,23,19,10,35,39,36,19,17,2,22,22,19,7,34,41,49,28,1,12,23,30,35,38,37,13,14,1,15,2,0,2,35,38,39,40,37,1,15,22,31,2,35,45,44,42,43,2,14,27,17,20,35,44,48,47,42,2,27,17,23,17,35,47,46,43,42,2,23,21,20,17,35,45,51,50,44,2,14,28,26,27,35,45,27,71,51,2,14,22,29,28,35,30,50,51,29,2,16,26,28,21,35,40,39,17,12,1,31,22,7,6,35,21,0,61,36,0,14,24,22,22,34,58,59,53,0,32,2,33,35,36,39,38,21,2,22,22,15,14,35,53,0,22,54,1,33,24,12,11,35,0,53,59,52,1,24,33,2,15,35,5,3,79,80,0,5,4,34,34,35,58,56,52,59,1,32,1,15,2,35,1,60,62,55,0,8,6,35,35,35,22,0,21,35,0,12,24,14,23,34,54,41,28,0,11,12,30,35,54,28,58,53,0,11,30,32,33,35,61,27,57,11,1,22,22,7,10,35,21,18,2,35,2,14,13,36,23,35,6,56,58,28,1,3,1,32,30,35,5,80,4,16,2,5,34,37,3,35,55,79,3,1,0,35,34,4,8,35,8,13,3,15,0,1,0,4,3,35,17,63,62,60,2,7,35,35,6,35,19,64,63,17,2,19,38,35,7,35,19,35,2,64,2,19,23,36,38,35,54,9,65,66,0,11,9,39,40,34,54,66,41,0,11,40,12,34,7,65,9,0,6,39,9,35,66,65,67,68,1,40,39,35,34,35,57,67,65,7,1,7,35,39,6,34,41,66,49,1,12,40,23,35,6,28,49,69,1,3,30,23,25,35,68,70,49,66,1,34,41,23,40,35,27,72,67,57,1,22,42,35,7,35,27,52,56,71,1,22,15,1,29,35,25,24,23,73,2,19,18,43,44,35,73,23,74,75,2,44,43,20,21,35,75,74,76,77,2,21,20,41,38,35,24,31,47,48,2,18,17,23,17,35,25,27,46,26,2,19,22,21,16,35,27,25,73,72,2,22,19,44,42,35,73,75,77,72,2,44,21,38,42,35,23,78,76,74,2,43,41,41,20,35,23,24,48,78,2,43,18,17,41,35,48,49,70,78,1,17,23,41,41,34,12,1,40,1,6,8,31,34,37,40,13,1,2,31,0,35,3,13,40,1,0,4,0,31,8],
			"uvs"      : [],
			"normals"  : [0.301492,-0.301492,-0.904508,0,-0.707083,-0.707083,0.577349,-0.577349,-0.577349,0,0.707083,-0.707083,0.301492,0.301492,-0.904508,0.577349,0.577349,-0.577349,-0.577349,0.577349,-0.577349,-0.904508,0.301492,-0.301492,-0.301492,0.301492,-0.904508,-0.114933,0.979308,-0.166356,-0.707083,0.707083,0,0.654347,0.654347,-0.379009,0.707083,0.707083,0,0,-0.707083,0.707083,0.301492,-0.904508,0.301492,0.301492,-0.904508,-0.301492,-0.577349,0.577349,0.577349,0.577349,0.577349,0.577349,0.904508,0.301492,0.301492,-0.904508,0.301492,0.301492,0.577349,-0.577349,0.577349,-0.577349,-0.577349,0.577349,-0.707083,-0.707083,0,0.301492,0.301492,0.904508,0.707083,-0.707083,0,0,0.707083,0.707083,-0.301492,0.904508,0.301492,0.301492,0.904508,0.301492,-0.301492,-0.904508,0.301492,0,-0.999969,0,0.245094,0.816095,-0.523331,-0.577349,-0.577349,-0.577349,0.204199,-0.148228,-0.96762,0.979339,-0.114933,-0.166356,0.707083,0,-0.707083,-0.707083,0,-0.707083,0,0,1,0,0,-0.999969,-0.707083,0,0.707083,-0.148228,0.204199,-0.96762,0.816095,0.245094,-0.523331,0.707083,0,0.707083,-1,0,0,0.904508,-0.301492,0.301492,-0.904508,-0.301492,0.301492],
			
			"skinIndices"  : [],
			"skinWeights"  : [],
			"morphTargets" : [],
			
			"bones"      : [],
			"animations" : [],
			
			"colors"    : [],
			"materials" : [
				{
					"DbgColor": 15658734,
					"DbgIndex": 0,
					"DbgName": "Red",
					"blending": "NormalBlending",
					"colorAmbient": [0.800000011920929, 0.0, 0.0],
					"colorDiffuse": [0.800000011920929, 0.0, 0.0],
					"colorEmissive": [0.0, 0.0, 0.0],
					"colorSpecular": [0.5, 0.5, 0.5],
					"depthTest": true,
					"depthWrite": true,
					"shading": "Lambert",
					"specularCoef": 50,
					"transparency": 1.0,
					"transparent": false,
					"vertexColors": false
				},
				{
					"DbgColor": 15597568,
					"DbgIndex": 1,
					"DbgName": "Black",
					"blending": "NormalBlending",
					"colorAmbient": [0.08000000238418581, 0.08000000238418581, 0.08000000238418581],
					"colorDiffuse": [0.08000000238418581, 0.08000000238418581, 0.08000000238418581],
					"colorEmissive": [0.0, 0.0, 0.0],
					"colorSpecular": [0.5, 0.5, 0.5],
					"depthTest": true,
					"depthWrite": true,
					"shading": "Lambert",
					"specularCoef": 50,
					"transparency": 1.0,
					"transparent": false,
					"vertexColors": false
				},
				{
					"DbgColor": 60928,
					"DbgIndex": 2,
					"DbgName": "Gray",
					"blending": "NormalBlending",
					"colorAmbient": [0.4000000059604645, 0.4000000059604645, 0.4000000059604645],
					"colorDiffuse": [0.4000000059604645, 0.4000000059604645, 0.4000000059604645],
					"colorEmissive": [0.0, 0.0, 0.0],
					"colorSpecular": [0.5, 0.5, 0.5],
					"depthTest": true,
					"depthWrite": true,
					"shading": "Lambert",
					"specularCoef": 50,
					"transparency": 1.0,
					"transparent": false,
					"vertexColors": false
				}
			]


	}
