	{

		"metadata": {
			"formatVersion" : 3.1,
			"generatedBy"   : "Blender 2.7 Exporter",
			"vertices"      : 74,
			"faces"         : 37,
			"normals"       : 37,
			"colors"        : 0,
			"uvs"           : [],
			"materials"     : 1,
			"morphTargets"  : 0,
			"bones"         : 0
		},

			"scale" : 1.000000,
			
			"vertices" : [2.25,-0.433014,3.4,2.10332,-0.304382,3.4,2.01704,-0.12941,3.4,2.75,0.433013,3.4,2.89668,0.304382,3.4,2.98296,0.12941,3.4,2.99572,-0.0652622,3.4,2.06699,0.249999,3.4,2.19562,0.396676,3.4,2.37059,0.482963,3.4,2.56526,0.495722,3.4,2.93301,-0.249999,3.4,2.80438,-0.396676,3.4,2.62941,-0.482962,3.4,2.43474,-0.495723,3.4,2.43474,-0.495723,0.2,2.62941,-0.482962,0.2,2.80438,-0.396676,0.2,2.93301,-0.249999,0.2,2.99572,-0.0652622,0.2,2.98296,0.12941,0.2,2.89668,0.304382,0.2,2.75,0.433013,0.2,2.56526,0.495722,0.2,2.37059,0.482963,0.2,2.19562,0.396676,0.2,2.06699,0.249999,0.2,2.01704,-0.12941,0.2,2.10332,-0.304382,0.2,2.25,-0.433014,0.2,1.89308e-06,-0.32632,3.4,0.190299,0.956703,3.4,0.190299,0.956703,0.2,1.89308e-06,-0.32632,0.2,2.04596,0.188067,3.4,2.01276,-0.064148,3.4,2.01276,-0.064148,0.2,2.04596,0.188067,0.2,-2.37059,0.482964,3.4,-2.19562,0.396677,3.4,-2.06698,0.249999,3.4,-2.62941,-0.482963,3.4,-2.80438,-0.396677,3.4,-2.93301,-0.25,3.4,-2.99572,-0.0652632,3.4,-2.01703,-0.129409,3.4,-2.10332,-0.304381,3.4,-2.25,-0.433013,3.4,-2.43473,-0.495723,3.4,-2.98296,0.129409,3.4,-2.89667,0.304381,3.4,-2.75,0.433012,3.4,-2.56526,0.495722,3.4,-2.56526,0.495722,0.199999,-2.75,0.433012,0.199999,-2.89667,0.304381,0.199999,-2.98296,0.129409,0.199999,-2.99572,-0.0652632,0.2,-2.93301,-0.25,0.2,-2.80438,-0.396677,0.2,-2.62941,-0.482963,0.2,-2.43473,-0.495723,0.2,-2.25,-0.433013,0.2,-2.10332,-0.304381,0.2,-2.01703,-0.129409,0.2,-2.06698,0.249999,0.199999,-2.19562,0.396677,0.199999,-2.37059,0.482964,0.199999,-0.1903,0.95671,3.4,-0.1903,0.95671,0.2,-2.01276,-0.0641466,3.4,-2.04596,0.188068,3.4,-2.04596,0.188068,0.199999,-2.01276,-0.0641466,0.2],
			"faces"    : [35,27,28,1,2,0,0,1,1,0,35,22,23,10,3,0,2,3,3,2,35,16,17,12,13,0,4,5,5,4,35,0,1,28,29,0,6,1,1,6,35,23,24,9,10,0,3,7,7,3,35,17,18,11,12,0,5,8,8,5,35,14,0,29,15,0,9,6,6,9,35,24,25,8,9,0,7,10,10,7,35,18,19,6,11,0,8,11,11,8,35,25,26,7,8,0,10,12,12,10,35,19,20,5,6,0,11,13,13,11,35,37,32,31,34,0,14,15,15,14,35,20,21,4,5,0,13,16,16,13,35,33,36,35,30,0,17,18,18,17,35,21,22,3,4,0,16,2,2,16,35,15,16,13,14,0,9,4,4,9,35,27,2,35,36,0,0,0,18,18,35,26,37,34,7,0,12,14,14,12,35,65,66,39,40,0,19,20,20,19,35,60,61,48,41,0,21,22,22,21,35,54,55,50,51,0,23,24,24,23,35,66,67,38,39,0,20,25,25,20,35,61,62,47,48,0,22,26,26,22,35,55,56,49,50,0,24,27,27,24,35,67,53,52,38,0,25,28,28,25,35,62,63,46,47,0,26,29,29,26,35,56,57,44,49,0,27,30,30,27,35,63,64,45,46,0,29,31,31,29,35,57,58,43,44,0,30,32,32,30,35,73,33,30,70,0,33,17,17,33,35,58,59,42,43,0,32,34,34,32,35,69,72,71,68,0,35,36,36,35,35,59,60,41,42,0,34,21,21,34,35,53,54,51,52,0,28,23,23,28,35,31,32,69,68,0,15,15,35,35,35,65,40,71,72,0,19,19,36,36,35,64,73,70,45,0,31,33,33,31],
			"uvs"      : [],
			"normals"  : [-0.965911,-0.258797,0,-0.793329,-0.608753,0,0.499985,0.866024,0,0.130497,0.991424,0,0.258797,-0.965911,0,0.608753,-0.793329,0,-0.499985,-0.866024,0,-0.258797,0.965911,0,0.866024,-0.499985,0,-0.130497,-0.991424,0,-0.608753,0.793329,0,0.991424,-0.130497,0,-0.866024,0.499985,0,0.965911,0.258797,0,-0.412702,0.910855,0,0.195074,0.980773,0,0.793329,0.608753,0,0,-1,0,-0.634907,-0.772546,0,0.866024,0.499985,0,0.608753,0.793329,0,-0.258797,-0.965911,0,0.130497,-0.991424,0,-0.499985,0.866024,0,-0.793329,0.608753,0,0.258797,0.965911,0,0.499985,-0.866024,0,-0.965911,0.258797,0,-0.130528,0.991424,0,0.793329,-0.608753,0,-0.991424,-0.130528,0,0.965911,-0.258797,0,-0.866024,-0.499985,0,0.634907,-0.772546,0,-0.608753,-0.793329,0,-0.195074,0.980773,0,0.412702,0.910855,0],
			
			"skinIndices"  : [],
			"skinWeights"  : [],
			"morphTargets" : [],
			
			"bones"      : [],
			"animations" : [],
			
			"colors"    : [],
			"materials" : [
				{
					"DbgColor": 15658734,
					"DbgIndex": 0,
					"DbgName": "Gray",
					"blending": "NormalBlending",
					"colorAmbient": [0.4000000059604645, 0.4000000059604645, 0.4000000059604645],
					"colorDiffuse": [0.4000000059604645, 0.4000000059604645, 0.4000000059604645],
					"colorEmissive": [0.0, 0.0, 0.0],
					"colorSpecular": [0.5, 0.5, 0.5],
					"depthTest": true,
					"depthWrite": true,
					"shading": "Lambert",
					"specularCoef": 50,
					"transparency": 1.0,
					"transparent": false,
					"vertexColors": false
				}
			]


	}
