	{

		"metadata": {
			"formatVersion" : 3.1,
			"generatedBy"   : "Blender 2.7 Exporter",
			"vertices"      : 159,
			"faces"         : 181,
			"normals"       : 36,
			"colors"        : 0,
			"uvs"           : [],
			"materials"     : 2,
			"morphTargets"  : 0,
			"bones"         : 0
		},

			"scale" : 1.000000,
			
			"vertices" : [2,1.3113e-06,0,2,0.500001,0,2,1.3113e-06,0.6,2,0.500001,0.6,1.5,0.500001,0.6,1.5,0.500001,0,2,2,1.2,2,0.500001,1.2,2,2.5,0.6,2,2,0.6,2,2.5,0,2,2,0,1.5,2,0.6,1.5,2,0,1.5,2,1.2,1.5,0.500001,1.2,1.5,1.3113e-06,0.6,1.5,2.5,0.6,1.5,2.5,1.8,1.5,2,1.8,1.5,2,2.4,1.5,1.5,2.4,1.5,0.500001,2.4,1.5,0.500001,1.8,1.5,1.07288e-06,1.8,-1.5,-1.5,4.2,1.5,1.5,3.6,-1,0,3,1,2.5,1.8,1,2,1.8,1,2,2.4,1,1.5,2.4,1,0.500001,2.4,1,0.500001,1.8,1,1.07288e-06,1.8,1,1.5,3,1,1.5,3.6,1,1.07288e-06,2.4,1,2,3,1,2.5,2.4,0.5,2,2.4,0.5,1.5,3,0.5,1.5,3.6,0.5,2,3,0.5,2.5,2.4,0.5,2,3.6,-2,2.38419e-07,0,-2,0.5,0,-2,2.38419e-07,0.6,-2,0.5,0.6,-1.5,0.5,0.6,-1.5,0.5,0,-2,2,1.2,-2,0.5,1.2,-2,2.5,0.6,-2,2,0.6,-2,2.5,0,-2,2,0,-1.5,2,0.6,-1.5,2,0,-1.5,2,1.2,-1.5,0.5,1.2,-1.5,2.38419e-07,0.6,-1.5,2.5,0.6,-1.5,2.5,1.8,-1.5,2,1.8,-1.5,2,2.4,-1.5,1.5,2.4,-1.5,0.5,2.4,-1.5,0.5,1.8,-1.5,0,1.8,-1.5,-0.5,3,-1.5,1.5,3.6,-1.5,0,3,-1,2.5,1.8,-1,2,1.8,-1,2,2.4,-1,1.5,2.4,-1,0.5,2.4,-1,0.5,1.8,-1,0,1.8,-1,1.5,3,-1,1.5,3.6,-1,0,2.4,-1,2,3,-1,2.5,2.4,-0.5,2,2.4,-0.5,1.5,3,-0.5,1.5,3.6,-0.5,2,3,-0.5,2.5,2.4,-0.5,2,3.6,0.5,2,0.6,0.5,2.5,0.6,0,2,0.6,0,2.5,0.6,0,2,1.8,0,2.5,1.8,-0.5,2,1.8,-0.5,2.5,1.8,-1,1,3.6,-0.5,1,3.6,-1,1,3,-0.5,1,3,-1,0.5,3,-0.5,0.5,3,-0.5,0.5,3.6,0.5,1,3.6,0.5,0.5,3,0.5,0.5,3.6,1.5,1.5,4.2,-0.5,1.5,4.2,-0.5,1,4.2,1.5,1,4.2,0.5,0.500001,2.4,-0.5,0.5,2.4,0.5,0.500001,0.6,0,0.500001,0.6,0,0.500001,1.8,-0.5,0.500001,1.8,-0.5,0,2.4,0.5,9.53674e-07,0.6,0,9.53674e-07,0.6,0,9.53674e-07,1.8,-0.5,9.53674e-07,1.8,0.5,1.07288e-06,2.4,0.5,1,3,1,1,3.6,1,0.5,3,1,1,3,-1.5,-0.5,1.19209e-07,-1.5,-1.5,1.19209e-07,-1,-0.5,1.19209e-07,-1,-1.5,1.19209e-07,-1,-1.5,4.2,-1.5,-1.5,3,-1,-0.5,3,-1,-1.5,3,-1,-0.5,4.2,-1,-0.5,3.6,-1.5,-0.5,4.2,-1.5,-0.5,3.6,1,-1.5,4.2,1,-0.5,3,1,-0.5,1.19209e-07,1,-1.5,1.19209e-07,1.5,-0.5,1.19209e-07,1.5,-1.5,1.19209e-07,1.5,-1.5,4.2,1,-1.5,3,1.5,-0.5,3,1.5,-1.5,3,1.5,-0.5,4.2,1.5,-0.5,3.6,1,-0.5,4.2,1,-0.5,3.6,1,0,3,1.5,0,3,1.5,1,3.6],
			"faces"    : [35,0,1,3,2,0,0,1,2,3,35,9,6,7,3,0,2,4,3,2,35,11,10,8,9,0,0,1,4,2,35,9,12,13,11,0,2,2,5,0,35,3,4,12,9,0,2,2,2,2,35,1,5,4,3,0,1,6,2,2,35,5,13,12,4,0,6,5,2,2,34,11,13,10,0,0,5,1,34,1,0,5,0,1,0,6,35,6,14,15,7,0,4,7,8,3,35,6,9,12,14,0,4,2,2,7,35,17,12,9,8,0,9,2,2,4,35,3,7,15,4,0,2,3,8,2,35,4,16,2,3,0,2,10,3,2,35,15,24,16,4,0,8,3,10,2,35,14,12,17,18,0,7,2,9,4,34,18,19,14,0,4,7,7,35,14,19,23,15,0,7,7,8,8,34,24,15,23,0,3,8,8,34,20,21,19,0,4,7,7,35,21,22,23,19,0,7,11,8,7,35,20,30,31,21,0,4,4,4,7,35,19,29,30,20,0,7,4,4,4,35,18,28,29,19,0,4,9,4,7,35,23,33,34,24,0,8,3,10,3,35,22,32,33,23,0,11,12,3,8,35,26,21,31,35,1,13,7,4,9,34,35,36,26,1,9,14,13,35,71,73,27,136,1,15,16,17,18,35,32,37,34,33,0,12,3,10,3,35,30,38,35,31,0,4,4,9,4,35,28,39,30,29,0,9,4,4,4,35,39,44,40,30,0,4,19,20,4,35,38,43,41,35,0,4,9,4,9,35,30,40,43,38,0,4,20,9,4,35,35,41,42,36,0,9,4,9,14,35,42,41,43,45,0,9,4,9,4,35,46,48,49,47,0,21,22,23,24,35,55,49,53,52,0,23,23,22,19,35,57,55,54,56,0,21,23,19,24,35,55,57,59,58,0,23,21,25,23,35,49,55,58,50,0,23,23,23,23,35,47,49,50,51,0,24,23,23,26,35,51,50,58,59,0,26,23,23,25,34,57,56,59,0,21,24,25,34,47,51,46,0,24,26,21,35,52,53,61,60,0,19,22,27,28,35,52,60,58,55,0,19,28,23,23,35,63,54,55,58,0,20,19,23,23,35,49,50,61,53,0,23,23,27,22,35,50,49,48,62,0,23,23,22,29,35,61,50,62,70,0,27,23,29,22,35,60,64,63,58,0,28,19,20,23,34,64,60,65,0,19,28,28,35,60,61,69,65,0,28,27,27,28,34,70,69,61,0,22,27,27,34,66,65,67,0,19,28,28,35,67,65,69,68,0,28,28,27,30,35,66,67,77,76,0,19,28,19,19,35,65,66,76,75,0,28,19,19,19,35,64,65,75,74,0,19,28,19,20,35,69,70,80,79,0,27,22,29,22,35,68,69,79,78,0,30,27,22,31,35,72,81,77,67,1,19,20,19,28,34,81,72,82,1,20,19,32,35,68,78,27,73,1,30,31,17,16,35,78,79,80,83,0,31,22,29,22,35,76,77,81,84,0,19,19,20,19,35,74,75,76,85,0,20,19,19,19,35,85,76,86,90,0,19,19,9,4,35,84,81,87,89,0,19,20,19,20,35,76,84,89,86,0,19,19,20,9,35,81,82,88,87,0,20,32,19,19,35,88,91,89,87,0,19,19,20,19,35,40,44,93,92,0,20,19,20,19,35,92,93,95,94,0,19,20,9,4,35,94,95,97,96,0,4,9,4,9,35,96,97,99,98,0,9,4,9,4,35,90,86,98,99,0,4,9,4,9,35,74,85,90,99,0,20,19,4,9,34,97,95,99,0,4,9,9,35,99,95,63,74,0,9,9,20,20,34,64,74,63,0,19,20,20,35,28,93,44,39,0,9,20,19,4,35,17,93,28,18,0,9,20,9,4,35,13,5,51,59,0,5,6,26,25,35,13,59,56,10,0,5,25,24,1,35,5,0,46,51,0,6,0,21,26,34,8,10,17,0,4,1,9,34,17,10,93,0,9,1,20,35,95,93,10,56,0,9,20,1,24,34,54,63,56,0,19,20,24,34,63,95,56,0,20,9,24,35,45,91,88,42,0,4,19,19,9,35,88,82,100,101,0,19,32,33,22,35,45,43,89,91,0,4,9,20,19,35,43,40,86,89,0,9,20,9,20,35,98,86,40,96,0,4,9,20,9,35,92,94,96,40,0,19,4,9,20,35,101,100,102,103,0,22,33,3,22,35,103,102,104,105,0,22,3,8,29,35,101,103,105,106,0,22,22,29,22,35,101,106,109,107,0,22,22,3,10,35,106,105,108,109,0,22,29,10,3,35,101,107,113,112,0,22,10,3,22,35,88,101,112,111,0,19,22,22,19,35,42,88,111,110,0,9,19,19,4,35,119,118,114,115,0,3,10,29,10,35,116,114,118,117,0,22,29,10,3,35,119,115,120,124,0,3,10,3,10,35,118,119,124,123,0,10,3,10,3,35,117,118,123,122,0,3,10,3,10,35,116,117,122,121,0,22,3,10,29,35,105,115,114,108,0,29,10,29,10,35,105,104,78,115,0,29,8,31,10,35,83,120,115,78,0,22,3,10,31,35,80,124,120,83,0,29,10,3,22,34,70,62,80,0,22,29,29,35,80,62,122,124,0,29,29,10,10,34,123,124,122,0,3,10,10,35,37,32,114,125,0,3,12,29,22,35,114,116,121,125,0,29,22,29,22,35,37,125,121,34,0,3,22,29,10,35,16,24,34,121,0,10,3,10,29,34,0,16,121,0,0,10,29,34,0,2,16,0,0,3,10,34,46,62,48,0,21,29,22,34,62,46,122,0,29,21,10,35,0,121,122,46,0,0,29,10,21,35,108,126,107,109,0,10,3,10,3,35,126,108,128,129,0,3,10,27,22,35,107,126,129,127,0,10,3,22,29,35,108,114,32,128,0,10,29,12,27,35,130,132,133,131,0,24,1,0,21,35,133,137,135,131,0,0,34,35,21,34,27,78,104,1,17,31,8,35,132,136,137,133,0,1,18,34,0,35,135,137,134,25,1,35,34,3,22,35,130,71,136,132,0,24,15,18,1,35,131,135,71,130,0,21,35,15,24,35,137,139,138,134,1,34,7,4,3,34,137,136,139,1,34,18,7,34,136,27,139,1,18,17,7,35,27,104,100,139,1,17,8,33,7,34,102,100,104,1,3,33,8,35,135,25,140,141,1,35,22,19,28,34,135,141,71,1,35,28,15,35,71,141,72,73,1,15,28,19,16,35,67,68,73,72,1,28,30,16,19,35,139,100,72,141,1,7,33,19,28,35,139,141,140,138,1,7,28,19,4,35,25,134,138,140,1,22,3,4,19,34,72,100,82,1,19,33,32,35,144,146,147,145,0,24,1,0,21,35,147,151,149,145,0,0,34,35,21,35,146,150,151,147,0,1,18,34,0,35,149,151,148,142,1,35,34,3,22,35,144,143,150,146,0,24,15,18,1,35,145,149,143,144,0,21,35,15,24,35,151,153,152,148,1,34,7,4,3,34,151,150,153,1,34,18,7,35,149,142,154,155,1,35,22,19,28,34,149,155,143,1,35,28,15,35,153,155,154,152,1,7,28,19,4,35,142,148,152,154,1,22,3,4,19,35,150,143,156,157,1,18,15,16,17,35,32,22,157,156,1,12,11,17,16,34,128,32,156,1,27,12,16,35,153,158,127,155,1,7,8,29,28,34,129,128,127,1,22,27,29,34,155,156,143,1,28,16,15,35,156,155,127,128,1,16,28,29,27,35,153,150,157,158,1,7,18,17,8,34,157,22,158,1,17,11,8,35,22,21,26,158,1,11,7,13,8,34,107,127,113,0,10,29,3,34,127,158,113,0,29,8,3,34,42,110,36,0,9,4,14,34,36,110,26,0,14,4,13,35,26,110,113,158,0,13,4,3,8,35,111,112,113,110,0,19,22,3,4],
			"uvs"      : [],