	{

		"metadata": {
			"formatVersion" : 3.1,
			"generatedBy"   : "Blender 2.7 Exporter",
			"vertices"      : 32,
			"faces"         : 32,
			"normals"       : 16,
			"colors"        : 0,
			"uvs"           : [],
			"materials"     : 2,
			"morphTargets"  : 0,
			"bones"         : 0
		},

			"scale" : 1.000000,
			
			"vertices" : [1.25,1,0,2.25,1,0,1.25,1,4.2,2.25,1,4.2,1.25,0.5,0,1.25,0.5,4.2,2.25,-1,0,2.25,-1,4.2,1.25,-1,0,1.25,-1,4.2,1.25,-0.5,0,1.25,-0.5,4.2,0.25,-0.5,0,0.25,-0.5,4.2,0.25,0.5,0,0.25,0.5,4.2,0.25,1,0,0.25,1,4.2,-0.75,1,0,-0.75,1,4.2,-0.75,0.5,0,-0.75,0.5,4.2,-2.25,0.5,0,-2.25,0.5,4.2,0.25,-1,0,0.25,-1,4.2,-0.75,-1,0,-0.75,-1,4.2,-0.75,-0.5,0,-0.75,-0.5,4.2,-2.25,-0.5,0,-2.25,-0.5,4.2],
			"faces"    : [35,1,0,2,3,0,0,1,2,3,35,2,0,4,5,0,2,1,4,5,34,8,10,6,0,6,7,8,35,6,7,9,8,0,8,9,10,6,35,8,9,11,10,0,6,10,11,7,35,15,14,16,17,0,12,13,0,3,35,17,16,18,19,0,3,0,1,2,35,19,18,20,21,0,2,1,4,5,35,21,20,22,23,1,5,4,1,2,35,12,13,25,24,0,14,15,9,8,35,24,25,27,26,0,8,9,10,6,35,26,27,29,28,0,6,10,11,7,35,28,29,31,30,1,7,11,10,6,35,22,30,31,23,1,1,6,10,2,34,3,2,5,0,3,2,5,35,14,20,18,16,0,13,4,1,0,35,24,26,28,12,0,8,6,7,14,35,20,28,30,22,1,4,7,6,1,35,20,14,12,28,1,4,13,14,7,35,12,14,4,10,1,14,13,4,7,35,1,3,7,6,0,0,3,9,8,34,9,7,11,0,10,9,11,34,4,0,1,0,4,1,0,35,13,12,10,11,1,15,14,7,11,35,17,19,21,15,0,3,2,5,12,35,13,29,27,25,0,15,11,10,9,35,21,29,13,15,1,5,11,15,12,35,23,31,29,21,1,2,10,11,5,35,5,15,13,11,1,5,12,15,11,35,15,5,4,14,1,12,5,4,13,35,1,6,10,4,1,0,8,7,4,35,11,7,3,5,1,11,9,3,5],
			"uvs"      : [],
			"normals"  : [0.577349,0.577349,-0.577349,-0.577349,0.577349,-0.577349,-0.577349,0.577349,0.577349,0.577349,0.577349,0.577349,-0.301492,0.301492,-0.904508,-0.301492,0.301492,0.904508,-0.577349,-0.577349,-0.577349,-0.301492,-0.301492,-0.904508,0.577349,-0.577349,-0.577349,0.577349,-0.577349,0.577349,-0.577349,-0.577349,0.577349,-0.301492,-0.301492,0.904508,0.301492,0.301492,0.904508,0.301492,0.301492,-0.904508,0.301492,-0.301492,-0.904508,0.301492,-0.301492,0.904508],
			
			"skinIndices"  : [],
			"skinWeights"  : [],
			"morphTargets" : [],
			
			"bones"      : [],
			"animations" : [],
			
			"colors"    : [],
			"materials" : [
				{
					"DbgColor": 15658734,
					"DbgIndex": 0,
					"DbgName": "Black",
					"blending": "NormalBlending",
					"colorAmbient": [0.08000000238418581, 0.08000000238418581, 0.08000000238418581],
					"colorDiffuse": [0.08000000238418581, 0.08000000238418581, 0.08000000238418581],
					"colorEmissive": [0.0, 0.0, 0.0],
					"colorSpecular": [0.5, 0.5, 0.5],
					"depthTest": true,
					"depthWrite": true,
					"shading": "Lambert",
					"specularCoef": 50,
					"transparency": 1.0,
					"transparent": false,
					"vertexColors": false
				},
				{
					"DbgColor": 15597568,
					"DbgIndex": 1,
					"DbgName": "Dark Grey",
					"blending": "NormalBlending",
					"colorAmbient": [0.16000000476837162, 0.16000000476837162, 0.16000000476837162],
					"colorDiffuse": [0.16000000476837162, 0.16000000476837162, 0.16000000476837162],
					"colorEmissive": [0.0, 0.0, 0.0],
					"colorSpecular": [0.5, 0.5, 0.5],
					"depthTest": true,
					"depthWrite": true,
					"shading": "Lambert",
					"specularCoef": 50,
					"transparency": 1.0,
					"transparent": false,
					"vertexColors": false
				}
			]


	}
