	{

		"metadata": {
			"formatVersion" : 3.1,
			"generatedBy"   : "Blender 2.7 Exporter",
			"vertices"      : 8,
			"faces"         : 6,
			"normals"       : 8,
			"colors"        : 0,
			"uvs"           : [],
			"materials"     : 1,
			"morphTargets"  : 0,
			"bones"         : 0
		},

			"scale" : 1.000000,
			
			"vertices" : [0,-1.5,0,0,1.5,0,0,-1.5,3.5,0,1.5,3.5,0.2,-1.5,0.2,0.2,1.5,0.2,0.2,-1.5,3.5,0.2,1.5,3.5],
			"faces"    : [35,1,0,2,3,0,0,1,2,3,35,5,7,6,4,0,4,5,6,7,35,0,4,6,2,0,1,7,6,2,35,3,7,5,1,0,3,5,4,0,35,2,6,7,3,0,2,6,5,3,35,4,0,1,5,0,7,1,0,4],
			"uvs"      : [],
			"normals"  : [-0.320353,0.546892,-0.773431,-0.320353,-0.546892,-0.773431,-0.577349,-0.577349,0.577349,-0.577349,0.577349,0.577349,0.717277,0.630238,-0.297098,0.577349,0.577349,0.577349,0.577349,-0.577349,0.577349,0.717277,-0.630238,-0.297098],
			
			"skinIndices"  : [],
			"skinWeights"  : [],
			"morphTargets" : [],
			
			"bones"      : [],
			"animations" : [],
			
			"colors"    : [],
			"materials" : [
				{
					"DbgColor": 15658734,
					"DbgIndex": 0,
					"DbgName": "Dark Grey",
					"blending": "NormalBlending",
					"colorAmbient": [0.16000000476837162, 0.16000000476837162, 0.16000000476837162],
					"colorDiffuse": [0.16000000476837162, 0.16000000476837162, 0.16000000476837162],
					"colorEmissive": [0.0, 0.0, 0.0],
					"colorSpecular": [0.5, 0.5, 0.5],
					"depthTest": true,
					"depthWrite": true,
					"shading": "Lambert",
					"specularCoef": 50,
					"transparency": 1.0,
					"transparent": false,
					"vertexColors": false
				}
			]


	}
