	{

		"metadata": {
			"formatVersion" : 3.1,
			"generatedBy"   : "Blender 2.7 Exporter",
			"vertices"      : 188,
			"faces"         : 237,
			"normals"       : 69,
			"colors"        : 0,
			"uvs"           : [],
			"materials"     : 3,
			"morphTargets"  : 0,
			"bones"         : 0
		},

			"scale" : 1.000000,
			
			"vertices" : [2.25,-1,3.4,1.25,-1,3.4,1.25,-0.5,2.6,1.25,-1,2.6,2.25,-1,2.6,1.25,-1.5,2,1.28806,-1.5,2.19134,1.39645,-1.5,2.35355,1.55866,-1.5,2.46194,1.75,-1.5,2.5,1.94134,-1.5,2.46194,2.10355,-1.5,2.35355,2.21194,-1.5,2.19134,2.25,-1.5,2,1.25,-1.5,0.799999,2.25,-1,2,2.21194,-1,2.19134,2.10355,-1,2.35355,1.94134,-1,2.46194,1.75,-1,2.5,1.55866,-1,2.46194,1.39645,-1,2.35355,1.28806,-1,2.19134,1.25,-1,2,1.25,-0.5,2.8,2.25,-1.5,0.799999,1.25,-0.500001,2,1.25,-1,1.4,2.25,-1.49999,0.199999,2.25,-1.49999,-8.9407e-07,2.25,-1,0.799999,1.25,-1,0.799999,2.25,-1,0.199999,2.25,1,3.4,1.25,1,3.4,1.25,0.500002,2.6,1.25,1,2.6,2.25,1,2.6,1.25,1.5,2,1.28806,1.5,2.19134,1.39645,1.5,2.35355,1.55866,1.5,2.46194,1.75,1.5,2.5,1.94134,1.5,2.46194,2.10355,1.5,2.35355,2.21194,1.5,2.19134,2.25,1.5,2,1.25,1.5,0.8,2.25,1,2,2.21194,1,2.19134,2.10355,1,2.35355,1.94134,1,2.46194,1.75,1,2.5,1.55866,1,2.46194,1.39645,1,2.35355,1.28806,1,2.19134,1.25,1,2,1.25,0.500002,2.8,2.25,1.5,0.8,1.25,0.500003,2,1.25,1,1.4,2.25,1.5,0.2,2.25,1.5,0,2.25,1,0.8,1.25,1,0.8,2.25,1,0.2,0.250002,-0.5,2.6,0.250002,-1,3.4,-2.25,-1,3.4,-2.25,-1,2.6,0.250002,-1,2.6,-2.25,-1.5,3.4,-0.749999,-1.5,2,-0.711939,-1.5,2.19134,-0.603552,-1.5,2.35355,-0.441341,-1.5,2.46194,-0.249999,-1.5,2.5,-0.0586572,-1.5,2.46194,0.103554,-1.5,2.35355,0.211941,-1.5,2.19134,0.250001,-1.5,2,-2.25,-1.5,2.6,-1.25,-1,0.799999,-0.749998,-1.5,0.799999,0.250001,-1,2,0.211941,-1,2.19134,0.103554,-1,2.35355,-0.0586572,-1,2.46194,-0.249999,-1,2.5,-0.441341,-1,2.46194,-0.603552,-1,2.35355,-0.711939,-1,2.19134,-0.749999,-1,2,0.250002,-0.5,2.8,0.250002,-1.5,0.799999,0.250001,-0.500001,2,0.250001,-1,1.4,-0.749998,-1,0.799999,-1.25,-1.5,0.799999,-2.25,-1.5,0.199999,-2.25,-1.5,-1.01328e-06,0.250002,-1,0.799999,-0.749999,1.5,2,-2.25,-1,0.199999,-2.25,1,0.8,0.250001,0.500002,2.6,0.250001,1,3.4,-2.25,1,3.4,-2.25,1,2.6,0.250001,1,2.6,-2.25,1.5,3.4,-0.603552,1.5,2.35355,-0.603552,0.999999,2.35355,-0.441342,1.5,2.46194,-0.25,1.5,2.5,-0.0586581,1.5,2.46194,0.103553,1.5,2.35355,0.21194,1.5,2.19134,0.25,1.5,2,-2.25,1.5,2.6,-2.25,1.5,0.8,-0.749999,1.5,0.8,0.25,1,2,0.21194,1,2.19134,0.103553,1,2.35355,-0.0586581,1,2.46194,-0.25,1,2.5,-0.441342,1,2.46194,-0.711939,0.999999,2.19134,-0.749999,0.999999,2,0.250001,0.500002,2.8,0.250001,1.5,0.8,0.25,0.500003,2,0.25,1,1.4,-0.749999,1,0.8,-2.25,-1,0.799999,-2.25,1.5,0.2,-2.25,1.5,0,0.250001,1,0.8,-0.711939,1.5,2.19134,-2.25,1,0.2,-2.25,-1.5,0.799999,-1.75,-1,0.799999,-1.75,-1.5,0.799999,-1.25,1.5,0.799999,-1.25,1,0.799999,-1.75,1.5,0.799999,-1.75,1,0.799999,-1.75,-1.5,1.65,-1.73097,-1.5,1.74567,-1.67678,-1.5,1.82678,-1.59567,-1.5,1.88097,-1.5,-1.5,1.9,-1.40433,-1.5,1.88097,-1.32322,-1.5,1.82678,-1.26903,-1.5,1.74567,-1.25,-1.5,1.65,-1.75,-1,1.65,-1.73097,-1,1.74567,-1.67678,-1,1.82678,-1.59567,-1,1.88097,-1.5,-1,1.9,-1.40433,-1,1.88097,-1.32322,-1,1.82678,-1.26903,-1,1.74567,-1.25,-1,1.65,-1.75,0.999999,1.65,-1.73097,0.999999,1.74567,-1.67678,0.999999,1.82678,-1.59567,0.999999,1.88097,-1.5,0.999999,1.9,-1.40433,0.999999,1.88097,-1.32322,0.999999,1.82678,-1.26903,0.999999,1.74567,-1.25,0.999999,1.65,-1.75,1.5,1.65,-1.73097,1.5,1.74567,-1.67678,1.5,1.82678,-1.59567,1.5,1.88097,-1.5,1.5,1.9,-1.40433,1.5,1.88097,-1.32322,1.5,1.82678,-1.26903,1.5,1.74567,-1.25,1.5,1.65,2.25,-1.5,3.4,2.25,-1.5,2.6,2.25,1.5,3.4,2.25,1.5,2.6],
			"faces"    : [35,0,4,3,1,0,0,1,2,3,34,44,187,45,2,4,5,6,35,2,24,1,3,0,7,8,3,2,34,106,110,107,0,9,10,11,34,21,22,3,2,12,13,2,34,20,21,3,2,14,12,2,34,4,19,3,2,1,15,2,35,23,5,14,27,2,16,17,18,19,34,26,23,27,2,20,16,19,34,43,187,44,2,21,5,4,35,132,133,60,59,2,22,23,24,25,35,3,23,26,2,2,2,16,20,7,34,19,20,3,2,15,14,2,35,5,23,22,6,2,17,16,13,26,35,6,22,21,7,2,26,13,12,27,35,7,21,20,8,2,27,12,14,28,35,8,20,19,9,2,28,14,15,29,35,9,19,18,10,2,29,15,21,30,35,10,18,17,11,2,30,21,4,31,35,11,17,16,12,2,31,4,6,32,35,12,16,15,13,2,32,6,33,34,35,60,133,138,64,2,24,23,35,18,34,14,94,28,1,18,35,36,34,18,19,4,2,21,15,1,34,17,18,4,2,4,21,1,34,16,17,4,2,6,4,1,34,15,16,4,2,33,6,1,34,42,187,43,2,15,5,21,34,65,64,138,1,37,18,35,34,14,31,27,2,18,38,19,35,30,31,14,25,1,0,38,18,37,35,36,37,33,34,0,39,40,37,41,35,6,79,80,5,2,26,32,42,17,34,12,13,185,2,32,34,36,35,35,36,34,57,0,43,39,41,44,35,5,80,94,14,2,17,42,35,18,35,1,24,93,67,0,3,8,45,46,35,57,130,93,24,0,44,47,45,8,35,106,130,57,34,0,9,47,44,41,34,54,36,55,2,27,39,26,34,53,36,54,2,28,39,27,34,37,36,52,2,40,39,29,35,56,60,47,38,2,48,24,38,49,34,59,60,56,2,25,24,48,34,11,12,185,2,31,32,36,35,105,35,2,66,2,50,43,7,51,35,36,35,59,56,2,39,43,25,48,34,52,36,53,2,29,39,28,35,38,39,55,56,2,49,13,26,48,35,39,40,54,55,2,13,12,27,26,35,40,41,53,54,2,12,14,28,27,35,41,42,52,53,2,14,15,29,28,35,42,43,51,52,2,15,21,30,29,35,43,44,50,51,2,21,4,31,30,35,44,45,49,50,2,4,6,32,31,35,45,46,48,49,2,6,33,34,32,34,71,67,68,0,11,46,10,35,95,26,27,96,2,52,20,19,53,35,171,180,181,172,2,30,21,4,31,35,134,140,65,138,1,18,54,37,35,34,51,37,52,2,30,40,29,34,50,37,51,2,31,40,30,34,49,37,50,2,32,40,31,34,48,37,49,2,34,40,32,34,10,11,185,2,30,31,36,34,47,60,64,2,38,24,18,35,63,58,47,64,1,37,0,38,18,34,9,10,185,2,29,30,36,35,24,2,35,57,0,8,7,43,44,34,64,65,63,1,18,37,37,34,31,30,32,1,38,0,0,35,69,68,67,70,0,55,10,46,55,35,42,41,115,114,2,15,14,21,15,35,70,67,93,66,0,55,46,45,51,35,41,40,116,115,2,14,12,4,21,34,76,81,75,2,29,56,28,34,75,81,74,2,28,56,27,34,69,160,159,2,55,14,12,35,69,90,162,161,2,55,12,21,15,35,120,136,140,104,1,55,55,54,56,35,103,32,65,140,0,57,0,37,54,34,89,90,69,2,14,12,55,34,70,88,69,2,55,15,55,34,136,137,140,0,55,58,54,34,61,131,47,1,5,59,38,35,40,39,117,116,2,12,13,6,4,35,92,72,83,97,2,49,17,18,38,35,96,94,80,84,2,53,35,42,60,34,84,95,96,2,60,52,53,35,101,96,27,31,2,59,53,19,38,34,88,89,69,2,15,14,55,35,72,92,91,73,2,17,49,13,26,35,73,91,90,74,2,26,13,12,27,35,74,90,89,75,2,27,12,14,28,35,75,89,88,76,2,28,14,15,29,35,76,88,87,77,2,29,15,21,30,35,77,87,86,78,2,30,21,4,31,35,78,86,85,79,2,31,4,6,32,35,79,85,84,80,2,32,6,60,42,35,132,59,35,105,2,22,25,43,50,35,39,38,118,117,2,13,49,61,6,35,100,29,28,99,0,62,63,36,56,34,99,103,100,0,56,57,62,35,137,100,103,140,0,58,62,57,54,34,87,88,70,2,21,15,55,34,86,87,70,2,4,21,55,34,85,86,70,2,6,4,55,34,84,85,70,2,60,6,55,35,38,47,131,118,2,49,38,59,61,35,66,95,84,70,2,51,52,60,55,34,94,96,101,2,35,53,59,34,162,90,163,2,21,12,4,35,90,91,164,163,2,12,13,6,4,35,108,109,106,107,0,56,56,9,11,35,109,105,130,106,0,56,50,47,9,34,114,113,119,2,15,14,55,34,180,111,181,2,21,64,4,35,170,179,180,171,2,29,15,21,30,34,142,82,103,1,38,59,57,34,134,145,140,1,18,35,54,35,111,139,182,181,2,64,13,6,4,34,109,108,126,2,56,56,29,34,135,142,103,1,55,38,57,35,100,137,62,29,0,62,58,65,63,35,128,139,111,112,2,26,13,64,66,35,133,122,118,131,2,23,67,61,59,34,122,133,132,2,67,23,22,35,9,76,77,8,2,29,29,30,28,34,126,108,127,2,29,56,28,35,129,102,139,128,2,17,49,13,26,34,166,167,108,2,68,26,56,34,167,168,108,2,26,27,56,35,113,114,126,127,2,14,15,29,28,35,114,115,125,126,2,15,21,30,29,35,115,116,124,125,2,21,4,31,30,35,116,117,123,124,2,4,6,32,31,35,117,118,122,123,2,6,61,67,32,35,95,66,2,26,2,52,51,7,20,35,8,77,78,7,2,28,30,31,27,35,137,136,61,62,0,58,55,5,65,35,145,144,146,147,1,35,59,38,18,35,98,82,142,143,1,35,59,38,18,34,125,109,126,2,30,56,29,34,124,109,125,2,31,56,30,34,123,109,124,2,32,56,31,34,122,109,123,2,67,56,32,35,7,78,79,6,2,27,31,32,26,35,105,109,122,132,2,50,56,67,22,35,121,131,61,136,1,38,59,5,55,34,131,138,133,2,59,35,23,35,172,181,182,173,2,31,4,6,32,35,173,182,183,174,2,32,6,61,42,35,66,93,130,105,0,51,45,47,50,35,83,99,28,94,1,18,56,36,35,35,91,92,165,164,2,13,49,61,6,34,56,55,36,2,48,26,39,34,23,3,22,2,16,2,13,35,138,131,121,134,1,35,59,38,18,35,101,97,83,94,1,59,38,18,35,35,135,103,99,141,1,55,57,56,56,35,92,97,82,165,2,49,38,59,61,34,