	{

		"metadata": {
			"formatVersion" : 3.1,
			"generatedBy"   : "Blender 2.7 Exporter",
			"vertices"      : 82,
			"faces"         : 75,
			"normals"       : 39,
			"colors"        : 0,
			"uvs"           : [],
			"materials"     : 3,
			"morphTargets"  : 0,
			"bones"         : 0
		},

			"scale" : 1.000000,
			
			"vertices" : [-1.5,0.499998,0,-1.5,0.499998,3.6,-1,-1.19209e-06,6.2,-0.500001,-1.19209e-06,3.8,0.5,-3.09944e-06,3.8,0.500001,-1,3.8,-1,-1,0,-1,-0.500002,0,-1,-1,3.6,-1,-0.500002,3.6,1,-1,3.6,1,-1,0,-1.5,-0.500002,0,-1.5,-0.500002,3.6,1,-3.09944e-06,6.2,-1,0.499998,0,-1,0.499998,3.6,1,0.999998,3.6,-1,1,3.6,1,0.999998,0,-1,1,0,0.5,-3.09944e-06,4.4,-0.500001,-1.19209e-06,4.4,-0.500001,-1,4.4,-0.500001,-1,3.8,-0.500001,-0.500002,7.6,-0.500001,-1,7.6,-0.500001,-0.500002,7,-0.500001,-1,7,0.500001,-1,7.6,0.500001,-0.500004,7.6,-1.5,0,6.2,-1.5,-1,7.6,-1.5,-0.500002,7.6,-1,-0.500002,7,-1,-0.500002,7.6,-1,-1,7,-1,-1,7.6,-1.5,-0.500002,6.4,-1.5,-1,6.4,0.5,-3.09944e-06,5.6,-0.500001,-1.19209e-06,5.6,-0.500001,-0.500001,5.6,-0.500001,-1,6.2,-1,-0.500001,6.2,-1.5,-1,6.2,-0.500001,-0.500001,6.2,0.500001,-1,4.4,1.5,0.499996,0,1.5,0.499996,3.6,1,-0.500004,0,1,-0.500004,3.6,1.5,-0.500004,0,1.5,-0.500004,3.6,1,0.499996,0,1,0.499996,3.6,0.500001,-0.500004,7,0.500001,-1,7,1.5,-1.90735e-06,6.2,1.5,-1,7.6,1.5,-0.500004,7.6,1,-0.500004,7,1,-0.500004,7.6,1,-1,7,1,-1,7.6,1.5,-0.500004,6.4,1.5,-1,6.4,0.5,-0.500003,5.6,0.500001,-1,6.2,1,-0.500003,6.2,1.5,-1,6.2,0.5,-0.500003,6.2,1.5,-3.57628e-06,6.4,-1.5,-1.66893e-06,6.4,1.5,-1,3.6,1.5,0.999998,3.6,-1.5,-1,3.6,-1.5,1,3.6,1.5,-1,3.8,1.5,0.999998,3.8,-1.5,-1,3.8,-1.5,1,3.8],
			"faces"    : [35,12,7,9,13,0,0,1,2,0,35,15,0,1,16,0,3,4,4,5,35,8,9,7,6,1,6,2,1,2,35,8,6,11,10,1,6,2,7,8,35,18,17,19,20,1,9,10,11,5,35,18,20,15,16,1,9,5,3,5,35,28,26,25,27,2,12,13,14,15,35,30,25,26,29,2,16,14,13,17,35,28,27,34,36,2,12,15,18,19,35,2,44,45,31,1,20,21,0,4,35,35,37,36,34,2,16,17,19,18,35,33,32,37,35,2,22,23,17,16,35,35,34,38,33,2,16,18,22,22,35,37,32,39,36,2,17,23,24,19,35,24,8,10,5,2,12,6,8,19,35,3,24,23,22,0,25,12,26,27,34,61,65,56,2,15,22,18,35,3,22,21,4,0,25,27,28,29,35,23,43,46,42,1,26,6,2,30,35,57,56,30,29,2,19,18,16,17,35,22,41,40,21,1,27,31,32,28,35,23,42,41,22,1,26,30,31,27,34,42,46,44,0,30,2,21,35,28,57,29,26,2,12,19,17,13,35,42,44,2,41,0,30,21,20,31,35,70,68,71,69,1,0,8,7,33,35,47,68,43,23,1,34,8,6,26,35,40,41,2,14,0,32,31,20,35,35,5,47,23,24,0,19,34,26,12,35,50,7,15,54,0,36,1,3,37,35,6,7,50,11,1,2,1,36,7,35,19,54,15,20,1,11,37,3,5,35,0,15,7,12,0,4,3,1,0,35,52,53,51,50,0,0,0,7,36,35,54,55,49,48,0,37,11,4,4,35,4,21,47,5,0,29,28,34,19,35,25,30,56,27,2,14,16,18,15,35,57,63,61,56,2,19,12,15,18,35,62,61,63,64,2,14,15,12,13,35,60,62,64,59,2,22,14,13,23,35,62,60,65,61,2,14,22,22,15,35,64,63,66,59,2,13,12,24,23,35,47,21,40,67,1,34,28,32,38,35,38,27,56,65,2,22,15,18,22,35,17,55,54,19,1,10,11,37,11,34,67,69,71,0,38,33,7,35,67,40,14,69,0,38,32,35,33,35,50,54,48,52,0,36,37,4,0,35,14,58,70,69,1,35,4,0,33,35,47,67,71,68,1,34,38,7,8,35,10,11,50,51,1,8,7,36,7,34,27,38,34,2,15,22,18,35,65,72,73,38,1,22,22,22,22,34,58,14,72,1,4,35,22,35,14,2,73,72,1,35,20,22,22,34,2,31,73,1,20,4,22,34,66,68,70,1,24,8,0,35,57,28,39,66,2,19,12,24,24,34,36,39,28,2,19,24,12,34,57,66,63,2,19,24,12,35,45,44,46,43,1,0,21,2,6,35,68,66,39,43,1,8,24,24,6,35,49,55,17,75,2,4,11,10,4,35,53,74,10,51,2,0,0,8,7,35,13,9,8,76,2,0,2,6,0,35,1,77,18,16,2,4,4,9,5,35,24,80,76,8,2,12,23,0,6,35,5,10,74,78,2,19,8,0,23,34,75,17,79,2,4,10,22,35,17,18,81,79,2,10,9,22,22,34,18,77,81,2,9,4,22,35,5,78,79,4,2,19,23,22,29,35,4,79,81,3,2,29,22,22,25,35,3,81,80,24,2,25,22,23,12,34,45,43,39,1,0,6,24],
			"uvs"      : [],
			"normals"  : [0,-0.707083,-0.707083,-0.301492,-0.301492,-0.904508,-0.577349,-0.577349,-0.577349,-0.301492,0.301492,-0.904508,0,0.707083,-0.707083,-0.577349,0.577349,-0.577349,-0.301492,-0.904508,-0.301492,0.577349,-0.577349,-0.577349,0.301492,-0.904508,-0.301492,-0.301492,0.904508,-0.301492,0.301492,0.904508,-0.301492,0.577349,0.577349,-0.577349,-0.301492,-0.904508,0.301492,-0.577349,-0.577349,0.577349,-0.577349,0.577349,0.577349,-0.301492,0.904508,0.301492,0.577349,0.577349,0.577349,0.577349,-0.577349,0.577349,0.301492,0.904508,0.301492,0.301492,-0.904508,0.301492,-0.245094,0.816095,-0.523331,-0.204199,-0.148228,-0.96762,0,0.707083,0.707083,0,-0.707083,0.707083,0,-1,0,-0.301492,0.301492,0.904508,-0.707083,-0.707083,0,-0.707083,0.707083,0,0.707083,0.707083,0,0.301492,0.301492,0.904508,-0.979339,-0.114933,-0.166356,-0.573626,0.792322,-0.207678,0.573626,0.792322,-0.207678,0.204199,-0.148228,-0.96762,0.707083,-0.707083,0,0.245094,0.816095,-0.523331,0.301492,-0.301492,-0.904508,0.301492,0.301492,-0.904508,0.979339,-0.114933,-0.166356],
			
			"skinIndices"  : [],
			"skinWeights"  : [],
			"morphTargets" : [],
			
			"bones"      : [],
			"animations" : [],
			
			"colors"    : [],
			"materials" : [
				{
					"DbgColor": 15658734,
					"DbgIndex": 0,
					"DbgName": "Red",
					"blending": "NormalBlending",
					"colorAmbient": [0.800000011920929, 0.0, 0.0],
					"colorDiffuse": [0.800000011920929, 0.0, 0.0],
					"colorEmissive": [0.0, 0.0, 0.0],
					"colorSpecular": [0.5, 0.5, 0.5],
					"depthTest": true,
					"depthWrite": true,
					"shading": "Lambert",
					"specularCoef": 50,
					"transparency": 1.0,
					"transparent": false,
					"vertexColors": false
				},
				{
					"DbgColor": 15597568,
					"DbgIndex": 1,
					"DbgName": "Black",
					"blending": "NormalBlending",
					"colorAmbient": [0.08000000238418581, 0.08000000238418581, 0.08000000238418581],
					"colorDiffuse": [0.08000000238418581, 0.08000000238418581, 0.08000000238418581],
					"colorEmissive": [0.0, 0.0, 0.0],
					"colorSpecular": [0.5, 0.5, 0.5],
					"depthTest": true,
					"depthWrite": true,
					"shading": "Lambert",
					"specularCoef": 50,
					"transparency": 1.0,
					"transparent": false,
					"vertexColors": false
				},
				{
					"DbgColor": 60928,
					"DbgIndex": 2,
					"DbgName": "Gray",
					"blending": "NormalBlending",
					"colorAmbient": [0.4000000059604645, 0.4000000059604645, 0.4000000059604645],
					"colorDiffuse": [0.4000000059604645, 0.4000000059604645, 0.4000000059604645],
					"colorEmissive": [0.0, 0.0, 0.0],
					"colorSpecular": [0.5, 0.5, 0.5],
					"depthTest": true,
					"depthWrite": true,
					"shading": "Lambert",
					"specularCoef": 50,
					"transparency": 1.0,
					"transparent": false,
					"vertexColors": false
				}
			]


	}
