	{

		"metadata": {
			"formatVersion" : 3.1,
			"generatedBy"   : "Blender 2.7 Exporter",
			"vertices"      : 24,
			"faces"         : 23,
			"normals"       : 22,
			"colors"        : 0,
			"uvs"           : [],
			"materials"     : 2,
			"morphTargets"  : 0,
			"bones"         : 0
		},

			"scale" : 1.000000,
			
			"vertices" : [-0.275,-1,0.25,-0.325,-1,0.05,-2.725,-0.999999,0.05,-2.725,1,0.05,-0.325,1,0.05,-0.275,1,0.25,-0.325,-0.65,0.05,-0.725,0.65,-0.15,0.25,0.65,4.84288e-08,0.176777,0.65,0.176777,-2.1062e-08,0.65,0.25,0.186795,0.65,-0.15,-0.275,-0.65,0.25,-0.725,-0.65,-0.15,0.25,-0.65,4.84288e-08,0.176777,-0.65,0.176777,-2.17357e-07,-0.65,0.25,0.186794,-0.65,-0.15,-2.725,1,0.25,-2.725,-1,0.25,-0.325,0.65,0.05,-0.275,0.65,0.25,-0.725,0.65,0.05,-0.725,-0.65,0.05],
			"faces"    : [35,20,21,10,11,0,0,1,2,3,35,8,11,10,9,0,4,3,2,5,35,4,5,21,20,0,6,7,1,0,35,14,15,16,17,0,8,9,10,11,35,7,11,17,13,0,12,3,11,13,35,11,8,14,17,0,3,4,8,11,35,9,15,14,8,0,5,9,8,4,35,10,16,15,9,0,2,10,9,5,35,0,1,6,12,0,14,15,16,17,35,10,21,12,16,0,2,1,17,10,35,17,16,12,6,0,11,10,17,16,35,7,13,23,22,0,12,13,18,19,35,7,22,20,11,0,12,19,0,3,35,13,17,6,23,0,13,11,16,18,35,2,23,6,1,0,13,18,16,15,35,23,2,3,22,0,18,13,12,19,35,3,4,20,22,0,12,6,0,19,35,18,3,2,19,0,20,12,13,21,34,0,12,19,0,14,17,21,35,21,18,19,12,0,1,20,21,17,35,1,0,19,2,0,15,14,21,13,34,21,5,18,0,1,7,20,35,5,4,3,18,0,7,6,12,20],
			"uvs"      : [],
			"normals"  : [0.298318,0.874599,-0.382092,0.308603,0.367718,0.877194,0.145573,0.6657,0.731834,0.441877,0.601245,-0.665731,0.776757,0.629749,-0.00235,0.548967,0.630238,0.548967,0.496261,0.591327,-0.635609,0.650014,0.565539,0.507523,0.776757,-0.629749,-0.00235,0.548967,-0.630238,0.548967,0.145573,-0.6657,0.731864,0.441877,-0.601245,-0.665731,-0.577349,0.577349,-0.577349,-0.577349,-0.577349,-0.577349,0.650044,-0.565539,0.507523,0.496261,-0.591327,-0.635609,0.298318,-0.874599,-0.382092,0.308603,-0.367718,0.877194,-0.301492,-0.301492,-0.904508,-0.301492,0.301492,-0.904508,-0.577349,0.577349,0.577349,-0.577349,-0.577349,0.577349],
			
			"skinIndices"  : [],
			"skinWeights"  : [],
			"morphTargets" : [],
			
			"bones"      : [],
			"animations" : [],
			
			"colors"    : [],
			"materials" : [
				{
					"DbgColor": 15658734,
					"DbgIndex": 0,
					"DbgName": "Dark Grey",
					"blending": "NormalBlending",
					"colorAmbient": [0.16000000476837162, 0.16000000476837162, 0.16000000476837162],
					"colorDiffuse": [0.16000000476837162, 0.16000000476837162, 0.16000000476837162],
					"colorEmissive": [0.0, 0.0, 0.0],
					"colorSpecular": [0.5, 0.5, 0.5],
					"depthTest": true,
					"depthWrite": true,
					"shading": "Lambert",
					"specularCoef": 50,
					"transparency": 1.0,
					"transparent": false,
					"vertexColors": false
				},
				{
					"DbgColor": 15597568,
					"DbgIndex": 1,
					"DbgName": "Gray",
					"blending": "NormalBlending",
					"colorAmbient": [0.4000000059604645, 0.4000000059604645, 0.4000000059604645],
					"colorDiffuse": [0.4000000059604645, 0.4000000059604645, 0.4000000059604645],
					"colorEmissive": [0.0, 0.0, 0.0],
					"colorSpecular": [0.5, 0.5, 0.5],
					"depthTest": true,
					"depthWrite": true,
					"shading": "Lambert",
					"specularCoef": 50,
					"transparency": 1.0,
					"transparent": false,
					"vertexColors": false
				}
			]


	}
