	{

		"metadata": {
			"formatVersion" : 3.1,
			"generatedBy"   : "Blender 2.7 Exporter",
			"vertices"      : 74,
			"faces"         : 63,
			"normals"       : 42,
			"colors"        : 0,
			"uvs"           : [],
			"materials"     : 3,
			"morphTargets"  : 0,
			"bones"         : 0
		},

			"scale" : 1.000000,
			
			"vertices" : [0.500004,0.500001,3.6,1.78873e-08,0.999998,5.6,1,0.500001,3.6,-0.999996,-0.999999,0,1.78873e-08,0.999998,6.2,1,0,5.6,1,0,4.4,1,0.500001,0,0.500004,-0.999999,0,5.96242e-09,0,4.4,0.500004,-0.499999,0,1.78873e-08,0.999998,3.8,-0.999998,0.5,0,1,-0.499999,0,5.96242e-09,0,3.8,1,-1.19249e-08,3.8,-0.999996,-0.999999,3.8,1,-0.999999,3.8,1,0.499998,6.2,-0.999996,0.999999,3.8,1.78873e-08,0.999998,4.4,1,0.999998,3.6,-0.999996,0.999999,3.6,1,-0.999999,3.6,0.500004,0.999998,6.2,-0.499996,0.999999,0,0.500004,1.5,6.2,0.500004,0.500001,0,-0.999996,-0.999999,3.6,0.500004,0.999998,0,1.78873e-08,1.5,6.2,-0.499996,0.500001,0,-0.499996,0.500001,3.6,0.500004,0.999998,5.6,1,0.999998,6.2,1.5,0.499998,6.2,1.5,0,6.2,1,0.499998,5.6,0.500004,2,3.8,0.500004,0.999998,3.8,-0.499996,0.999999,3.6,0.500004,0.999998,4.4,0.500004,2,4.4,1,2,4.4,1,2,3.8,1,-0.499999,3.6,-0.999998,0.5,3.6,2,0.999998,3.8,0.500004,-0.499999,3.6,1,0.999998,3.8,1,0.999998,4.4,0.500004,-0.999999,3.6,2,0.999998,4.4,2,0.499998,4.4,2,0.499998,3.8,0.500004,0.999998,3.6,1,0.499998,3.8,1,0.499998,4.4,1.78873e-08,0,6.4,1.78873e-08,0.499998,5.6,0.5,0,5.6,1.78873e-08,0.499998,6.2,0.5,0,6.2,1,0,6.2,1.78873e-08,0.999998,6.4,1,-1.68086e-06,6.4,1,0.999998,6.4,0.5,0.999998,6.4,0.5,0.499998,6.4,1,0.499998,6.4,0.5,0.999998,7.6,0.5,0.499998,7.6,1,0.499998,7.6,1,0.999998,7.6],
			"faces"    : [34,19,22,46,2,0,1,2,35,2,0,55,21,2,3,4,5,6,35,46,22,40,32,2,2,1,1,7,35,23,51,48,45,2,8,9,10,8,35,12,3,28,46,1,7,11,12,2,35,28,3,8,51,1,12,11,10,9,35,8,10,48,51,1,10,13,10,9,35,3,31,27,10,0,11,14,15,13,34,3,10,8,1,11,13,10,34,31,3,12,1,14,11,7,35,10,27,7,13,0,13,15,3,8,34,18,35,37,0,16,17,18,34,18,37,34,1,16,18,19,34,24,34,33,1,16,19,20,34,24,33,26,0,16,20,21,35,33,1,30,26,0,20,22,23,21,35,10,13,45,48,0,13,8,8,10,35,27,31,25,29,0,15,14,1,5,35,1,33,41,20,1,22,20,24,25,35,41,33,34,50,1,24,20,19,16,35,25,31,32,40,0,1,14,7,1,35,50,34,37,57,1,16,19,18,26,35,37,5,6,57,1,18,27,28,26,35,37,35,36,5,0,18,17,29,27,35,20,41,39,11,0,25,24,7,30,35,41,42,38,39,0,24,30,7,7,35,31,12,46,32,1,14,7,2,7,35,50,43,42,41,0,16,16,30,24,35,50,49,44,43,0,16,31,4,16,35,50,52,47,49,0,16,16,4,31,35,57,53,52,50,0,26,32,16,16,35,57,56,54,53,0,26,10,10,32,35,6,15,56,57,0,28,32,10,26,35,55,0,27,29,0,5,4,15,5,35,9,59,1,20,1,12,33,22,25,35,52,53,54,47,0,16,32,10,4,35,0,2,7,27,0,4,3,3,15,35,47,54,56,49,0,4,10,10,31,35,60,62,58,9,1,34,34,35,12,35,11,14,9,20,0,30,36,12,25,35,14,15,6,9,0,36,32,28,12,35,14,16,17,15,2,36,37,38,32,35,14,11,19,16,2,36,30,0,37,34,17,51,23,2,38,9,8,35,17,16,28,51,2,38,37,12,9,35,16,19,46,28,2,37,0,2,12,35,61,59,9,58,1,33,33,12,35,35,9,6,5,60,1,12,28,27,34,35,38,44,49,39,0,7,4,31,7,35,42,43,44,38,0,30,16,4,7,34,36,63,5,0,29,39,27,35,18,63,36,35,0,16,39,29,17,34,30,1,4,0,23,22,40,35,24,26,30,4,0,16,21,23,40,35,61,4,1,59,0,33,40,22,33,35,62,60,5,63,0,34,34,27,39,35,58,64,4,61,1,35,0,40,33,35,58,62,63,65,1,35,34,39,38,35,65,69,68,58,1,38,38,36,35,35,58,68,67,64,1,35,36,0,0,35,68,69,72,71,2,36,38,38,35,35,67,68,71,70,2,0,36,35,0,35,71,72,73,70,2,35,38,41,0],
			"uvs"      : [],
			"normals"  : [-0.707083,0,0.707083,-0.707083,0,-0.707083,-0.904508,0.301492,-0.301492,0,0.707083,-0.707083,0.577349,0.577349,-0.577349,0.707083,0,-0.707083,0,0,-0.999969,-0.577349,0.577349,-0.577349,0,-0.707083,-0.707083,0.301492,-0.904508,-0.301492,0.577349,-0.577349,-0.577349,-0.577349,-0.577349,-0.577349,-0.707083,-0.707083,0,0.301492,-0.301492,-0.904508,-0.301492,0.301492,-0.904508,0.301492,0.301492,-0.904508,0.577349,0.577349,0.577349,0.756676,0.549333,0.354411,0.979339,0.114933,-0.166356,0.707083,0.707083,0,0.114933,0.979339,-0.166356,0.549333,0.756676,0.354411,-0.792322,0.573626,-0.207678,-0.549333,0.756676,0.354411,-0.301492,0.904508,0.301492,-0.707083,0.707083,0,0.904508,-0.301492,0.301492,0.573626,-0.792322,-0.207678,0.707083,-0.707083,0,0.756676,-0.549333,0.354411,-0.577349,0.577349,0.577349,0.408246,0.408246,-0.816492,0.577349,-0.577349,0.577349,-1,0,0,0,-1,0,-0.577349,-0.577349,0.577349,-0.301492,-0.301492,0.904508,-0.577319,-0.577349,0.577349,0,-0.707083,0.707083,0,-0.948668,0.316202,-0.948668,0,0.316202,0,0,1],
			
			"skinIndices"  : [],
			"skinWeights"  : [],
			"morphTargets" : [],
			
			"bones"      : [],
			"animations" : [],
			
			"colors"    : [],
			"materials" : [
				{
					"DbgColor": 15658734,
					"DbgIndex": 0,
					"DbgName": "Red",
					"blending": "NormalBlending",
					"colorAmbient": [0.800000011920929, 0.0, 0.0],
					"colorDiffuse": [0.800000011920929, 0.0, 0.0],
					"colorEmissive": [0.0, 0.0, 0.0],
					"colorSpecular": [0.5, 0.5, 0.5],
					"depthTest": true,
					"depthWrite": true,
					"shading": "Lambert",
					"specularCoef": 50,
					"transparency": 1.0,
					"transparent": false,
					"vertexColors": false
				},
				{
					"DbgColor": 15597568,
					"DbgIndex": 1,
					"DbgName": "Black",
					"blending": "NormalBlending",
					"colorAmbient": [0.08000000238418581, 0.08000000238418581, 0.08000000238418581],
					"colorDiffuse": [0.08000000238418581, 0.08000000238418581, 0.08000000238418581],
					"colorEmissive": [0.0, 0.0, 0.0],
					"colorSpecular": [0.5, 0.5, 0.5],
					"depthTest": true,
					"depthWrite": true,
					"shading": "Lambert",
					"specularCoef": 50,
					"transparency": 1.0,
					"transparent": false,
					"vertexColors": false
				},
				{
					"DbgColor": 60928,
					"DbgIndex": 2,
					"DbgName": "Gray",
					"blending": "NormalBlending",
					"colorAmbient": [0.4000000059604645, 0.4000000059604645, 0.4000000059604645],
					"colorDiffuse": [0.4000000059604645, 0.4000000059604645, 0.4000000059604645],
					"colorEmissive": [0.0, 0.0, 0.0],
					"colorSpecular": [0.5, 0.5, 0.5],
					"depthTest": true,
					"depthWrite": true,
					"shading": "Lambert",
					"specularCoef": 50,
					"transparency": 1.0,
					"transparent": false,
					"vertexColors": false
				}
			]


	}
