	{

		"metadata": {
			"formatVersion" : 3.1,
			"generatedBy"   : "Blender 2.7 Exporter",
			"vertices"      : 56,
			"faces"         : 62,
			"normals"       : 26,
			"colors"        : 0,
			"uvs"           : [],
			"materials"     : 2,
			"morphTargets"  : 0,
			"bones"         : 0
		},

			"scale" : 1.000000,
			
			"vertices" : [1.5,-0.5,1.2,1.5,-1.13247e-07,1.2,1.5,-1,0.6,1.5,-1.13247e-07,0.6,2,-1.80798e-07,0.6,2,-1,0.6,2,-1.80798e-07,1.2,2,-0.5,1.2,1,-4,0.600001,1,-3.5,0.600001,1,-4,1.2,1,-3.5,1.2,2,-3.5,0.600001,2,-4,0.600001,2,-3.5,1.2,2,-4,1.2,-1.5,-0.5,1.2,-1.5,8.34445e-08,1.2,-1.5,-1,0.6,-1.5,8.34445e-08,0.6,-2,-1,0,-2,1.50996e-07,0,-1.5,8.34445e-08,0,-1.5,-1,0,-2,-4,0.600001,-2,-3.5,0.600001,-2,-4,3.57628e-07,-2,-3.5,3.57628e-07,-0.5,-3.5,0.600001,-0.5,-4,0.600001,2,-4,3.57628e-07,2,-3.5,3.57628e-07,-2,-0.5,1.2,-2,1.50996e-07,1.2,0.5,-4,1.2,0.5,-3.5,1.2,0.5,-4,0.600001,0.5,-3.5,0.600001,-0.5,-3.5,1.2,-0.5,-4,1.2,-2,1.50996e-07,0.6,-2,-1,0.6,-2,-4,1.2,-2,-3.5,1.2,-1,-3.5,0.600001,-1,-4,0.600001,-1,-3.5,1.2,-1,-4,1.2,-2,-4,-0.6,-2,1.50996e-07,-0.6,2,-1,0,2,-1.80798e-07,0,2,-1.50996e-07,-0.6,2,-4,-0.6,1.5,-1.13247e-07,0,1.5,-1,0],
			"faces"    : [35,1,6,4,3,1,0,1,2,3,34,31,50,55,1,4,5,6,35,54,52,49,22,1,7,8,9,10,34,54,51,52,1,7,2,8,35,31,55,23,27,1,4,6,11,12,34,23,20,27,1,11,13,12,35,54,22,23,55,1,7,10,11,6,34,31,9,12,0,4,7,2,34,37,9,31,0,10,7,4,35,31,27,28,37,0,4,12,7,10,34,28,27,44,0,7,12,10,34,44,27,25,0,10,12,3,35,19,18,23,22,0,2,14,11,10,35,41,40,21,20,0,15,3,3,13,35,18,41,20,23,0,14,15,13,11,35,40,19,22,21,0,3,2,10,3,35,33,40,41,32,1,0,3,15,16,35,33,17,19,40,1,0,1,2,3,34,52,51,50,1,8,2,5,35,50,31,53,52,1,5,4,17,8,35,16,32,41,18,1,18,16,15,14,35,16,17,33,32,1,18,1,0,16,35,17,16,18,19,1,1,18,14,2,34,53,31,30,1,17,4,19,35,48,53,30,26,1,20,17,19,21,34,26,29,45,0,21,22,23,35,27,20,49,48,1,12,13,9,20,34,21,49,20,1,3,9,13,34,45,24,26,0,23,21,21,34,48,26,27,1,20,21,12,35,2,0,1,3,1,15,16,0,3,35,6,7,5,4,1,1,18,14,2,35,30,36,29,26,0,19,23,22,21,35,1,0,7,6,1,0,16,18,1,35,7,0,2,5,1,18,16,15,14,35,35,34,36,37,1,1,24,23,10,35,29,36,34,39,1,22,23,24,25,35,39,34,35,38,1,25,24,1,0,35,10,11,9,8,1,25,0,7,22,35,14,15,13,12,1,1,24,19,2,35,37,36,8,9,0,10,23,22,7,34,30,8,36,0,19,22,23,34,30,13,8,0,19,19,22,35,24,45,47,42,1,21,23,24,25,35,43,46,44,25,1,0,1,10,3,35,46,47,45,44,1,1,24,23,10,35,42,43,25,24,1,25,0,3,21,35,42,47,46,43,1,25,24,1,0,35,38,35,37,28,1,0,1,10,7,35,28,44,45,29,0,7,10,23,22,35,10,15,14,11,1,25,24,1,0,35,39,38,28,29,1,25,0,7,22,35,8,13,15,10,1,22,19,24,25,35,27,26,24,25,0,12,21,21,3,35,31,12,13,30,0,4,2,19,19,35,3,4,51,54,0,3,2,2,7,35,5,2,55,50,0,14,15,6,5,35,11,14,12,9,1,0,1,2,7,35,53,48,49,52,1,17,20,9,8,35,2,3,54,55,0,15,3,7,6,35,4,5,50,51,0,2,14,5,2,34,22,49,21,1,10,9,3],
			"uvs"      : [],
			"normals"  : [-0.577349,0.577349,0.577349,0.577349,0.577349,0.577349,0.707083,0.707083,0,-0.707083,0.707083,0,0.904508,0.301492,0.301492,0.904508,-0.301492,0.301492,-0.301492,-0.301492,0.904508,-0.301492,0.904508,0.301492,0.577349,0.577349,-0.577349,-0.577349,0.577349,-0.577349,0.301492,0.904508,0.301492,0.301492,-0.301492,0.904508,-0.904508,0.301492,0.301492,-0.904508,-0.301492,0.301492,0.637898,-0.724113,0.262154,-0.637898,-0.724113,0.262154,-0.622913,-0.331797,0.708396,0.577349,-0.577349,-0.577349,0.622913,-0.331797,0.708396,0.707083,-0.707083,0,-0.577349,-0.577349,-0.577349,-0.707083,-0.707083,0,-0.301492,-0.904508,0.301492,0.301492,-0.904508,0.301492,0.577349,-0.577349,0.577349,-0.577349,-0.577349,0.577349],
			
			"skinIndices"  : [],
			"skinWeights"  : [],
			"morphTargets" : [],
			
			"bones"      : [],
			"animations" : [],
			
			"colors"    : [],
			"materials" : [
				{
					"DbgColor": 15658734,
					"DbgIndex": 0,
					"DbgName": "Gray",
					"blending": "NormalBlending",
					"colorAmbient": [0.4000000059604645, 0.4000000059604645, 0.4000000059604645],
					"colorDiffuse": [0.4000000059604645, 0.4000000059604645, 0.4000000059604645],
					"colorEmissive": [0.0, 0.0, 0.0],
					"colorSpecular": [0.5, 0.5, 0.5],
					"depthTest": true,
					"depthWrite": true,
					"shading": "Lambert",
					"specularCoef": 50,
					"transparency": 1.0,
					"transparent": false,
					"vertexColors": false
				},
				{
					"DbgColor": 15597568,
					"DbgIndex": 1,
					"DbgName": "Dark Grey",
					"blending": "NormalBlending",
					"colorAmbient": [0.16000000476837162, 0.16000000476837162, 0.16000000476837162],
					"colorDiffuse": [0.16000000476837162, 0.16000000476837162, 0.16000000476837162],
					"colorEmissive": [0.0, 0.0, 0.0],
					"colorSpecular": [0.5, 0.5, 0.5],
					"depthTest": true,
					"depthWrite": true,
					"shading": "Lambert",
					"specularCoef": 50,
					"transparency": 1.0,
					"transparent": false,
					"vertexColors": false
				}
			]


	}
