	{

		"metadata": {
			"formatVersion" : 3.1,
			"generatedBy"   : "Blender 2.7 Exporter",
			"vertices"      : 44,
			"faces"         : 28,
			"normals"       : 29,
			"colors"        : 0,
			"uvs"           : [],
			"materials"     : 1,
			"morphTargets"  : 0,
			"bones"         : 0
		},

			"scale" : 1.000000,
			
			"vertices" : [0.191342,0.461941,0.4,0.353553,0.353554,0.4,0.46194,0.191341,0.4,-0.191342,-0.46194,0.4,-0.353553,-0.353554,0.4,-0.46194,-0.191341,0.4,-0.5,0,0.4,0.46194,-0.191341,0.4,0.353553,-0.353554,0.4,0.191342,-0.46194,0.4,-2.98023e-08,-0.5,0.4,-0.46194,0.191341,0.4,-0.353553,0.353554,0.4,-0.191342,0.461939,0.4,5.96046e-08,0.5,0.4,5.96046e-08,0.5,-5.96046e-08,-0.191342,0.461939,-5.96046e-08,-0.353553,0.353554,-5.96046e-08,-0.46194,0.191341,-5.96046e-08,-0.5,0,-5.96046e-08,-0.46194,-0.191341,-5.96046e-08,-0.353553,-0.353554,-5.96046e-08,-0.191342,-0.46194,-5.96046e-08,-2.98023e-08,-0.5,-5.96046e-08,0.191342,-0.46194,-5.96046e-08,0.353553,-0.353554,-5.96046e-08,0.46194,-0.191341,-5.96046e-08,0.46194,0.191341,-5.96046e-08,0.353553,0.353554,-5.96046e-08,0.191342,0.461941,-5.96046e-08,2.41481,0.64705,0.4,2.47861,0.326317,0.4,2.5,0,0.4,2.47861,-0.326315,0.4,2.41481,-0.647047,0.4,2.41481,-0.647047,0,2.47861,-0.326315,0,2.5,0,0,2.47861,0.326317,0,2.41481,0.64705,0,0.474699,-0.127195,0.4,0.474699,0.127196,0.4,0.474699,0.127196,-5.96046e-08,0.474699,-0.127195,-5.96046e-08],
			"faces"    : [35,27,28,1,2,0,0,1,1,0,35,22,23,10,3,0,2,3,3,2,35,16,17,12,13,0,4,5,5,4,35,0,1,28,29,0,6,1,1,6,35,23,24,9,10,0,3,7,7,3,35,17,18,11,12,0,5,8,8,5,35,14,0,29,15,0,9,6,6,9,35,24,25,8,9,0,7,10,10,7,35,18,19,6,11,0,8,11,11,8,35,25,26,7,8,0,10,12,12,10,35,19,20,5,6,0,11,13,13,11,35,43,35,34,40,0,14,15,16,17,35,20,21,4,5,0,13,18,18,13,35,39,42,41,30,0,19,20,21,22,35,21,22,3,4,0,18,2,2,18,35,15,16,13,14,0,9,4,4,9,35,36,37,32,33,0,23,24,25,26,35,37,38,31,32,0,24,27,28,25,35,39,30,31,38,0,19,22,28,27,35,35,36,33,34,0,15,23,26,16,35,27,2,41,42,0,0,0,21,20,35,26,43,40,7,0,12,14,17,12,34,42,37,43,0,20,24,14,35,42,39,38,37,0,20,19,27,24,35,43,37,36,35,0,14,24,23,15,35,40,34,33,32,0,17,16,26,25,34,41,40,32,0,21,17,25,35,31,30,41,32,0,28,22,21,25],
			"uvs"      : [],
			"normals"  : [0.923856,0.382672,0,0.707083,0.707083,0,-0.382672,-0.923856,0,0,-1,0,-0.382672,0.923856,0,-0.707083,0.707083,0,0.382672,0.923856,0,0.382672,-0.923856,0,-0.923856,0.382672,0,0,1,0,0.707083,-0.707083,0,-1,0,0,0.923856,-0.382672,0,-0.923856,-0.382672,0,0.401685,-0.645955,-0.649098,0.432386,-0.695364,-0.573962,0.432386,-0.695364,0.573962,0.401685,-0.645955,0.649098,-0.707083,-0.707083,0,0.432386,0.695364,-0.573962,0.401685,0.645955,-0.649098,0.401685,0.645955,0.649098,0.432386,0.695364,0.573962,0.715049,-0.094119,-0.692648,0.721244,0,-0.692648,0.721244,0,0.692648,0.715049,-0.094119,0.692648,0.715049,0.094119,-0.692648,0.715049,0.094119,0.692648],
			
			"skinIndices"  : [],
			"skinWeights"  : [],
			"morphTargets" : [],
			
			"bones"      : [],
			"animations" : [],
			
			"colors"    : [],
			"materials" : [
				{
					"DbgColor": 15658734,
					"DbgIndex": 0,
					"DbgName": "Gray",
					"blending": "NormalBlending",
					"colorAmbient": [0.4000000059604645, 0.4000000059604645, 0.4000000059604645],
					"colorDiffuse": [0.4000000059604645, 0.4000000059604645, 0.4000000059604645],
					"colorEmissive": [0.0, 0.0, 0.0],
					"colorSpecular": [0.5, 0.5, 0.5],
					"depthTest": true,
					"depthWrite": true,
					"shading": "Lambert",
					"specularCoef": 50,
					"transparency": 1.0,
					"transparent": false,
					"vertexColors": false
				}
			]


	}
