	{

		"metadata": {
			"formatVersion" : 3.1,
			"generatedBy"   : "Blender 2.7 Exporter",
			"vertices"      : 61,
			"faces"         : 62,
			"normals"       : 46,
			"colors"        : 0,
			"uvs"           : [],
			"materials"     : 1,
			"morphTargets"  : 0,
			"bones"         : 0
		},

			"scale" : 1.000000,
			
			"vertices" : [-0.65,0.1,4.79631e-07,-0.65,0.0707107,0.0707112,-0.65,-4.37114e-09,0.1,-0.65,-0.0707107,0.0707112,-0.65,-0.1,4.70889e-07,-0.65,-0.0707107,-0.0707102,-0.65,1.19249e-09,-0.0999995,-0.65,0.0707107,-0.0707102,0.65,0.1,4.79631e-07,0.65,0.0707107,0.0707112,0.65,-4.37114e-09,0.1,0.65,-0.0707107,0.0707112,0.65,-0.1,4.70889e-07,0.65,-0.0707107,-0.0707102,0.65,1.19249e-09,-0.0999995,0.65,0.0707107,-0.0707102,0.65,0.15,4.80912e-07,-0.75,-0.106066,0.106066,-0.75,-6.78954e-09,0.15,-0.75,0.106066,0.106066,-0.75,0.15,4.80912e-07,-0.75,0.106066,-0.106066,-0.65,-0.05,-0.129289,-0.75,-0.106066,-0.106066,-0.75,-0.15,4.67798e-07,-0.65,-0.15,4.67798e-07,-0.65,-0.106066,-0.106066,-0.65,0.106066,-0.106066,-0.65,0.15,4.80912e-07,-0.65,0.106066,0.106066,-0.65,-6.78954e-09,0.15,-0.65,-0.106066,0.106066,-0.75,0.05,-4,-0.75,-0.05,-4,-0.65,0.05,-0.25,-0.65,-0.05,-0.25,-0.65,0.05,-0.129289,-0.75,-0.05,-0.129289,-0.75,0.05,-0.129289,0.75,-0.106066,0.106066,0.75,-6.78954e-09,0.15,0.75,0.106066,0.106066,0.75,0.15,4.80562e-07,0.75,0.106066,-0.106066,0.65,-0.05,-0.129289,0.75,-0.106066,-0.106066,0.75,-0.15,4.67524e-07,0.65,-0.15,4.67524e-07,0.65,-0.106066,-0.106066,0.65,0.106066,-0.106066,0.65,0.15,4.80562e-07,0.65,0.106066,0.106066,0.65,-6.78954e-09,0.15,0.65,-0.106066,0.106066,0.65,0.05,-0.129289,0.75,-0.05,-0.129289,0.75,0.05,-0.129289,0.65,-0.05,-0.25,0.65,0.05,-0.25,0.75,-0.05,-4,0.75,0.05,-4],
			"faces"    : [35,1,2,10,9,0,0,1,2,3,35,4,5,13,12,0,4,5,6,7,35,7,0,8,15,0,8,9,10,11,35,0,1,9,8,0,9,0,3,10,35,3,4,12,11,0,12,4,7,13,35,6,7,15,14,0,14,8,11,15,35,2,3,11,10,0,1,12,13,2,35,5,6,14,13,0,5,14,15,6,35,36,38,21,27,0,16,17,18,19,35,21,38,37,23,0,18,17,20,21,35,7,6,36,27,0,8,14,16,19,35,26,23,37,22,0,22,21,20,23,34,21,23,18,0,18,21,24,35,35,34,36,22,0,25,26,16,23,35,28,0,7,27,0,27,9,8,19,35,0,28,29,1,0,9,27,28,0,35,32,33,37,38,0,29,30,20,17,35,18,19,20,21,0,24,31,32,18,35,1,29,30,2,0,0,28,33,1,35,23,26,25,24,0,21,22,34,35,34,6,22,36,0,14,23,16,35,5,26,22,6,0,5,22,23,14,35,20,28,27,21,0,32,27,19,18,35,19,29,28,20,0,31,28,27,32,35,18,30,29,19,0,24,33,28,31,35,17,31,30,18,0,36,37,33,24,35,24,25,31,17,0,35,34,37,36,35,4,25,26,5,0,4,34,22,5,35,3,31,25,4,0,12,37,34,4,35,2,30,31,3,0,1,33,37,12,35,17,18,23,24,0,36,24,21,35,35,32,38,36,34,0,29,17,16,26,35,37,33,35,22,0,20,30,25,23,35,54,49,43,56,0,38,18,19,39,35,43,45,55,56,0,19,22,40,39,35,48,44,55,45,0,21,41,40,22,34,43,40,45,0,19,33,22,35,40,43,42,41,0,33,19,27,28,35,45,46,47,48,0,22,34,35,21,35,42,43,49,50,0,27,19,18,32,35,41,42,50,51,0,28,27,32,31,35,40,41,51,52,0,33,28,31,24,35,39,40,52,53,0,37,33,24,36,35,46,39,53,47,0,34,37,36,35,35,39,46,45,40,0,37,34,22,33,35,54,58,57,44,0,38,42,43,41,35,56,60,58,54,0,39,44,42,38,35,55,59,60,56,0,40,45,44,39,35,44,57,59,55,0,41,43,45,40,34,14,44,54,0,15,41,38,35,13,14,44,48,0,6,15,41,21,35,12,13,48,47,0,7,6,21,35,35,11,12,47,53,0,13,7,35,36,35,10,11,53,52,0,2,13,36,24,35,9,10,52,51,0,3,2,24,31,35,8,9,51,50,0,10,3,31,32,35,15,8,50,49,0,11,10,32,18,35,15,49,54,14,0,11,18,38,15,35,34,35,57,58,0,26,25,43,42,35,32,34,58,60,0,29,26,42,44,35,32,60,59,33,0,29,44,45,30,35,35,33,59,57,0,25,30,45,43],
			"uvs"      : [],
			"normals"  : [0.804163,0.42027,0.42027,0.804163,0,0.594348,-0.804163,0,0.594348,-0.804163,0.42027,0.42027,0.804163,-0.594348,0,0.804163,-0.42027,-0.42027,-0.804163,-0.42027,-0.42027,-0.804163,-0.594348,0,0.804163,0.42027,-0.42027,0.804163,0.594348,0,-0.804163,0.594348,0,-0.804163,0.42027,-0.42027,0.804163,-0.42027,0.42027,-0.804163,-0.42027,0.42027,0.804163,0,-0.594348,0.08124,0,-0.996673,0.855708,0.430219,-0.287454,-0.855708,0.430219,-0.287484,-0.630238,0.548967,-0.548967,0.630238,0.548967,-0.548967,-0.855708,-0.430219,-0.287484,-0.630238,-0.548967,-0.548967,0.630238,-0.548967,-0.548967,0.855708,-0.430219,-0.287454,-0.630238,0,0.77636,0.301492,-0.904508,0.301492,0.301492,0.904508,0.301492,0.630238,0.77636,0,0.630238,0.548967,0.548967,-0.577349,0.577349,-0.577349,-0.577349,-0.577349,-0.577349,-0.630238,0.548967,0.548967,-0.630238,0.77636,0,0.630238,0,0.77636,0.630238,-0.77636,0,-0.630238,-0.77636,0,-0.630238,-0.548967,0.548967,0.630238,-0.548967,0.548967,-0.780358,0.519913,-0.347392,0.855708,0.430219,-0.287484,0.855708,-0.430219,-0.287484,-0.780358,-0.519913,-0.347392,-0.301492,0.904508,0.301492,-0.301492,-0.904508,0.301492,0.577349,0.577349,-0.577349,0.577349,-0.577349,-0.577349],
			
			"skinIndices"  : [],
			"skinWeights"  : [],
			"morphTargets" : [],
			
			"bones"      : [],
			"animations" : [],
			
			"colors"    : [],
			"materials" : [
				{
					"DbgColor": 15658734,
					"DbgIndex": 0,
					"DbgName": "Yellow",
					"blending": "NormalBlending",
					"colorAmbient": [0.800000011920929, 0.800000011920929, 0.0],
					"colorDiffuse": [0.800000011920929, 0.800000011920929, 0.0],
					"colorEmissive": [0.0, 0.0, 0.0],
					"colorSpecular": [0.5, 0.5, 0.5],
					"depthTest": true,
					"depthWrite": true,
					"shading": "Lambert",
					"specularCoef": 50,
					"transparency": 1.0,
					"transparent": false,
					"vertexColors": false
				}
			]


	}
