	{

		"metadata": {
			"formatVersion" : 3.1,
			"generatedBy"   : "Blender 2.7 Exporter",
			"vertices"      : 100,
			"faces"         : 92,
			"normals"       : 80,
			"colors"        : 0,
			"uvs"           : [],
			"materials"     : 2,
			"morphTargets"  : 0,
			"bones"         : 0
		},

			"scale" : 1.000000,
			
			"vertices" : [-1.5,-0.5,3,-1.5,-1.5,3,1.5,-0.499999,0,1.5,-1.5,0,-1,-1.5,3,-1,-0.5,3,1,-1.5,0,1,-0.499999,0,1,-0.499999,3,1,-1.5,3,-1,-0.5,0,-1,-1.5,0,1.5,-1.5,3,1.5,-0.499999,3,-1.5,-1.5,0,-1.5,-0.5,0,-2,0,0,-1.96157,0.390181,2.86102e-06,-1.84776,0.765368,2.86102e-06,-1.66294,1.11114,2.86102e-06,-1.41421,1.41421,2.86102e-06,-1.11114,1.66294,2.86102e-06,-0.765365,1.84776,2.86102e-06,-0.390178,1.96157,2.86102e-06,-0.292635,1.47118,0,-0.574025,1.38582,0,-0.833355,1.2472,0,-1.06066,1.06066,0,-1.2472,0.833355,0,-1.38582,0.574025,0,-1.47118,0.292635,0,-1.5,-4.76837e-07,0,5.96046e-08,2,0,2,0,0,0.390181,1.96157,2.86102e-06,0.765368,1.84776,2.86102e-06,1.11114,1.66294,2.86102e-06,1.41421,1.41421,2.86102e-06,1.66294,1.11114,2.86102e-06,1.84776,0.765366,2.86102e-06,1.96157,0.390179,2.86102e-06,1.5,-1.19209e-07,0,1.47118,0.292635,0,1.38582,0.574025,0,1.2472,0.833355,0,1.06066,1.06066,0,0.833355,1.2472,0,0.574025,1.38582,0,0.292635,1.47118,0,-4.76837e-07,1.5,0,-4.76837e-07,1.5,3.6,0.292635,1.47118,3.6,0.574025,1.38582,3.6,0.833355,1.2472,3.6,1.06066,1.06066,3.6,1.2472,0.833355,3.6,1.38582,0.574025,3.6,1.47118,0.292635,3.6,1.5,-1.19209e-07,3.6,1.96157,0.390179,3.6,1.84776,0.765366,3.6,1.66294,1.11114,3.6,1.41421,1.41421,3.6,1.11114,1.66294,3.6,0.765368,1.84776,3.6,0.390181,1.96157,3.6,2,0,3.6,5.96046e-08,2,3.6,-1.5,-4.76837e-07,3.6,-1.47118,0.292635,3.6,-1.38582,0.574025,3.6,-1.2472,0.833355,3.6,-1.06066,1.06066,3.6,-0.833355,1.2472,3.6,-0.574025,1.38582,3.6,-0.292635,1.47118,3.6,-0.390178,1.96157,3.6,-0.765365,1.84776,3.6,-1.11114,1.66294,3.6,-1.41421,1.41421,3.6,-1.66294,1.11114,3.6,-1.84776,0.765368,3.6,-1.96157,0.390181,3.6,-2,0,3.6,-1.5,-0.5,4.2,-1.5,-1.5,4.2,-1,-1.5,4.2,-1,-0.5,4.2,1,-0.499999,4.2,1,-1.5,4.2,1.5,-1.5,4.2,1.5,-0.499999,4.2,-1.5,1.5,4.2,1.5,1.5,4.2,-1.5,1,4.2,-1.5,1.5,3.6,-1.5,1,3.6,1.5,1,4.2,1.5,1.5,3.6,1.5,1,3.6],
			"faces"    : [35,3,2,13,12,0,0,1,2,3,35,7,6,9,8,0,4,5,6,7,35,11,10,5,4,0,0,1,2,3,35,1,0,15,14,0,6,7,4,5,35,14,11,4,1,0,5,0,3,6,35,11,14,15,10,0,0,5,4,1,35,0,5,10,15,0,7,2,1,4,35,3,6,7,2,0,0,5,4,1,35,6,3,12,9,0,5,0,3,6,35,2,7,8,13,0,1,4,7,2,35,8,9,89,88,1,7,6,8,9,35,12,13,91,90,1,3,2,10,11,35,22,23,24,25,0,12,13,14,15,35,21,22,25,26,0,16,12,15,17,35,20,21,26,27,0,18,16,17,19,35,19,20,27,28,0,20,18,19,21,35,18,19,28,29,0,22,20,21,23,35,18,29,30,17,0,22,23,24,25,35,16,17,30,31,0,26,25,24,27,35,41,42,40,33,0,28,29,30,31,35,39,40,42,43,0,32,30,29,33,35,38,39,43,44,0,34,32,33,35,35,37,38,44,45,0,36,34,35,37,35,36,37,45,46,0,38,36,37,39,35,35,36,46,47,0,40,38,39,41,35,35,47,48,34,0,40,41,42,43,35,32,34,48,49,0,44,43,42,45,35,24,23,32,49,0,14,13,44,45,35,24,49,50,75,0,14,45,46,47,35,38,37,62,61,0,34,36,48,49,35,30,29,70,69,0,24,23,50,51,35,20,19,80,79,0,18,20,52,53,35,44,43,56,55,0,35,33,54,55,35,22,21,78,77,0,12,16,56,57,35,26,25,74,73,0,17,15,58,59,35,34,32,67,65,0,43,44,60,61,35,47,46,53,52,0,41,39,62,63,35,16,31,68,83,0,26,27,64,65,35,37,36,63,62,0,36,38,66,48,35,29,28,71,70,0,23,21,67,50,35,32,23,76,67,0,44,13,68,60,35,40,39,60,59,0,30,32,69,70,35,19,18,81,80,0,20,22,71,52,35,41,33,66,58,0,28,31,72,73,35,43,42,57,56,0,33,29,74,54,35,33,40,59,66,0,31,30,70,72,35,25,24,75,74,0,15,14,47,58,35,46,45,54,53,0,39,37,75,62,35,28,27,72,71,0,21,19,76,67,35,36,35,64,63,0,38,40,77,66,35,49,48,51,50,0,45,42,78,46,35,39,38,61,60,0,32,34,49,69,35,18,17,82,81,0,22,25,79,71,35,42,41,58,57,0,29,28,73,74,35,31,30,69,68,0,27,24,51,64,35,21,20,79,78,0,16,18,53,56,35,23,22,77,76,0,13,12,57,68,35,45,44,55,54,0,37,35,55,75,35,35,34,65,64,0,40,43,61,77,35,27,26,73,72,0,19,17,59,76,35,17,16,83,82,0,25,26,65,79,35,48,47,52,51,0,42,41,63,78,35,75,50,67,76,0,47,46,60,68,35,67,50,51,65,0,60,46,78,61,35,64,65,51,52,0,77,61,78,63,35,64,52,53,63,0,77,63,62,66,35,63,53,54,62,0,66,62,75,48,35,62,54,55,61,0,48,75,55,49,35,61,55,56,60,0,49,55,54,69,35,60,56,57,59,0,69,54,74,70,35,58,66,59,57,0,73,72,70,74,35,83,68,69,82,0,65,64,51,79,35,81,82,69,70,0,71,79,51,50,35,81,70,71,80,0,71,50,67,52,35,80,71,72,79,0,52,67,76,53,35,79,72,73,78,0,53,76,59,56,35,78,73,74,77,0,56,59,58,57,35,77,74,75,76,0,57,58,47,68,35,4,5,87,86,1,3,2,10,11,35,0,1,85,84,1,7,6,8,9,35,1,4,86,85,1,6,3,11,8,35,5,0,84,87,1,2,7,9,10,35,9,12,90,89,1,6,3,11,8,35,13,8,88,91,1,2,7,9,10,35,94,92,95,96,1,8,9,4,5,35,97,99,98,93,1,11,0,1,10,35,96,95,98,99,1,5,4,1,0,35,94,96,99,97,1,8,5,0,11,35,95,92,93,98,1,4,9,10,1,35,94,97,93,92,1,8,11,10,9,35,88,89,90,91,1,9,8,11,10,35,84,85,86,87,1,9,8,11,10],
			"uvs"      : [],
			"normals"  : [0.577349,-0.577349,-0.577349,0.577349,0.577349,-0.577349,0.707083,0.707083,0,0.707083,-0.707083,0,-0.577349,0.577349,-0.577349,-0.577349,-0.577349,-0.577349,-0.707083,-0.707083,0,-0.707083,0.707083,0,-0.577349,-0.577349,0.577349,-0.577349,0.577349,0.577349,0.577349,0.577349,0.577349,0.577349,-0.577349,0.577349,-0.278542,0.672475,-0.68569,-0.142003,0.713889,-0.68569,0.133335,-0.670461,-0.72982,0.261605,-0.63155,-0.72985,-0.40437,0.605213,-0.68569,0.379772,-0.568377,-0.72985,-0.514695,0.514695,-0.68569,0.483352,-0.483383,-0.72985,-0.605213,0.40437,-0.68569,0.568377,-0.379772,-0.72985,-0.672475,0.278542,-0.68569,0.63155,-0.261605,-0.72985,0.670461,-0.133335,-0.72982,-0.713889,0.142003,-0.68569,-0.607562,-0.550676,-0.572344,0.545762,-0.602161,-0.58269,-0.545762,-0.602161,-0.58269,-0.670461,-0.133335,-0.72985,0.713889,0.142003,-0.68569,0.607562,-0.550676,-0.572344,0.672475,0.278542,-0.68569,-0.63155,-0.261605,-0.72985,0.605213,0.40437,-0.68569,-0.568377,-0.379772,-0.72985,0.514695,0.514695,-0.68569,-0.483383,-0.483352,-0.72985,0.40437,0.605213,-0.68569,-0.379772,-0.568377,-0.72985,0.278542,0.672475,-0.68569,-0.261574,-0.63155,-0.72985,-0.133335,-0.670461,-0.72985,0.142003,0.713889,-0.68569,0,0.727866,-0.68569,0,-0.683584,-0.72982,0,-0.683584,0.72982,0.133366,-0.670461,0.72982,0.514664,0.514664,0.68569,0.605213,0.40437,0.68569,0.63155,-0.261605,0.72982,0.670461,-0.133366,0.72982,-0.605213,0.40437,0.68569,-0.514664,0.514664,0.68569,-0.63155,-0.261605,0.72982,-0.568377,-0.379772,0.72982,-0.40437,0.605213,0.68569,-0.278542,0.672475,0.68569,0.261605,-0.63155,0.72982,0.379772,-0.568377,0.72982,0,0.727866,0.68569,0.142003,0.713889,0.68569,-0.379772,-0.568377,0.72982,-0.261605,-0.63155,0.72982,0.545762,-0.602161,0.582659,-0.607562,-0.550676,0.572344,0.40437,0.605213,0.68569,0.568377,-0.379772,0.72982,-0.141972,0.713889,0.68569,0.672475,0.278542,0.68569,0.713889,0.141972,0.68569,-0.672475,0.278542,0.68569,0.607562,-0.550676,0.572344,-0.545762,-0.602161,0.582659,-0.670461,-0.133366,0.72982,-0.483383,-0.483383,0.72982,0.483383,-0.483383,0.72982,0.278542,0.672475,0.68569,-0.133366,-0.670461,0.72982,-0.713889,0.142003,0.68569],
			
			"skinIndices"  : [],
			"skinWeights"  : [],
			"morphTargets" : [],
			
			"bones"      : [],
			"animations" : [],
			
			"colors"    : [],
			"materials" : [
				{
					"DbgColor": 15658734,
					"DbgIndex": 0,
					"DbgName": "Gray",
					"blending": "NormalBlending",
					"colorAmbient": [0.4000000059604645, 0.4000000059604645, 0.4000000059604645],
					"colorDiffuse": [0.4000000059604645, 0.4000000059604645, 0.4000000059604645],
					"colorEmissive": [0.0, 0.0, 0.0],
					"colorSpecular": [0.5, 0.5, 0.5],
					"depthTest": true,
					"depthWrite": true,
					"shading": "Lambert",
					"specularCoef": 50,
					"transparency": 1.0,
					"transparent": false,
					"vertexColors": false
				},
				{
					"DbgColor": 15597568,
					"DbgIndex": 1,
					"DbgName": "Red",
					"blending": "NormalBlending",
					"colorAmbient": [0.800000011920929, 0.0, 0.0],
					"colorDiffuse": [0.800000011920929, 0.0, 0.0],
					"colorEmissive": [0.0, 0.0, 0.0],
					"colorSpecular": [0.5, 0.5, 0.5],
					"depthTest": true,
					"depthWrite": true,