	{

		"metadata": {
			"formatVersion" : 3.1,
			"generatedBy"   : "Blender 2.7 Exporter",
			"vertices"      : 162,
			"faces"         : 166,
			"normals"       : 48,
			"colors"        : 0,
			"uvs"           : [],
			"materials"     : 3,
			"morphTargets"  : 0,
			"bones"         : 0
		},

			"scale" : 1.000000,
			
			"vertices" : [2,-2,4.4,-1.5,-9.93396e-08,3.8,1.5,-1.86762e-07,3.8,2,2.36433e-07,0,2,-0.500002,0,2,2.36433e-07,3.6,2,-0.500002,3.6,-1.5,-1,6.2,-3.5,-0.5,0,-2,-1,3.8,-3,-1,3.8,-3,-2,3.8,-1.5,-2,0,-1.5,-1.5,0,-1.5,-2,3.6,-1.5,-1.5,3.6,-2,-2,3.6,-1.5,-2,3.8,1.5,-1.5,0,1.5,-1.5,3.6,-3.5,-1,6.2,-2,-0.500002,0,-2,-0.500002,3.6,-1.5,2.14577e-07,3.6,-2,1.92721e-07,0,2,-2,3.8,-3,-1,4.4,-2,-1,4.4,3,-1,4.4,-2,-2,4.4,2,-1,4.4,-2,-2,3.8,-2,-1.5,7.6,-2,-2,7.6,-2,-1.5,7,-2,-2,7,-3,-2,7.6,-3,-1.5,7.6,3,-2,6.2,-3.5,-0.5,3.6,1.5,-1,6.2,-4,-1,6.4,0.999999,-2,7.6,0.999999,-1.5,7.6,-0.999999,-1.5,7,-0.999999,-1.5,7.6,-0.999999,-2,7,-0.999999,-2,7.6,2,-1,3.8,3,-1,3.8,3,-2,3.8,1.5,-2,0,1.5,-2,3.6,2,-2,3.6,3.5,-2,0,3.5,-1,6.2,3.5,-9.93396e-08,3.6,3.5,-9.93396e-08,0,2,-1.5,7.6,2,-2,7.6,2,-1.5,7,2,-2,7,3,-2,7.6,3,-1.5,7.6,4,-1,6.2,4,-1,6.4,0.999999,-1.5,7,0.999999,-2,7,2,-2,6.2,2,-1.5,5.6,3,-1,5.6,2,-1,5.6,-3,-1,5.6,-2,-1,5.6,-2,-1.5,5.6,-2,-2,6.2,-1.5,-1.5,6.2,1.5,-1.5,6.2,2,-1.5,6.2,-2,-1.5,6.2,3,-2,4.4,-3,-2,4.4,-0.499999,-1.5,0,-0.499999,-1.5,3.6,-0.499999,-2,0,-0.499999,-2,3.6,0.500001,-2,0,0.500001,-2,3.6,0.500001,-1.5,0,0.500001,-1.5,3.6,-0.499999,-1.5,7.6,-0.499999,-2,7.6,-0.499999,-1.5,7,-0.499999,-2,7,0.500001,-1.5,7,0.500001,-2,7,0.500001,-1.5,7.6,0.500001,-2,7.6,-2,-1.19209e-06,3.8,-4,1.05298e-07,3.8,-2,1.92721e-07,3.6,-3.5,1.27154e-07,3.6,-3.5,1.27154e-07,0,-3.5,-2,3.6,-3.5,-2,0,1.5,-2,3.8,3.5,-2,3.6,2,-1.64907e-07,3.8,4,-7.74839e-08,3.8,1.5,2.14577e-07,3.6,-1.5,-0.5,3.6,1.5,-0.5,3.6,3,-1.5,5.6,3,-1.5,6.2,4,-2,6.2,3.5,-1.5,6.2,3.5,-1.5,0,3.5,-1.5,3.6,4,-1.5,0,4,-1.5,3.6,3.5,-0.5,3.6,3.5,-0.5,0,4,-0.5,3.6,4,-0.5,0,4,-7.74839e-08,3.6,4,-2,3.6,4,-2,3.8,3,-2,7,3,-1.5,7,3.5,-2,7,3.5,-1.5,7,3.5,-2,7.6,3.5,-1.5,7.6,4,-2,7.6,4,-1.5,7.6,4,-2,6.4,4,-1.5,6.4,-4,-0.5,0,-4,-0.5,3.6,-3.5,-1.5,3.6,-3.5,-1.5,0,-4,-1.5,3.6,-4,-1.5,0,-4,1.05298e-07,3.6,-4,-2,3.6,-3,-2,6.2,-4,-2,3.8,-3,-1.5,5.6,-3,-1.5,6.2,-3.5,-1.5,6.2,-4,-1,6.2,-4,-2,6.2,-3,-2,7,-3,-1.5,7,-3.5,-2,7,-3.5,-1.5,7,-3.5,-2,7.6,-3.5,-1.5,7.6,-4,-2,7.6,-4,-1.5,7.6,-4,-2,6.4,-4,-1.5,6.4],
			"faces"    : [35,85,84,86,87,1,0,1,2,3,35,5,3,4,6,1,4,5,6,7,35,14,12,13,15,1,3,8,9,2,34,17,9,31,1,10,11,12,35,35,34,32,33,2,12,13,14,15,35,121,120,122,123,0,16,17,18,19,35,11,146,144,103,2,20,10,21,0,35,37,36,33,32,2,22,23,15,14,35,35,46,44,34,2,12,20,24,13,35,7,40,77,76,1,25,26,27,28,35,112,70,55,115,0,29,30,25,28,34,20,41,7,1,26,31,25,35,43,96,97,42,2,14,22,23,15,35,144,141,139,103,2,21,21,1,0,35,45,44,46,47,2,22,24,20,23,35,94,95,97,96,2,24,20,23,22,35,117,116,118,119,0,2,8,32,21,35,90,91,93,92,2,14,15,12,13,35,92,93,95,94,2,13,12,20,24,35,41,65,40,7,1,31,31,26,25,35,9,17,1,98,1,11,10,31,31,35,10,9,98,99,2,33,11,31,31,35,9,27,29,31,0,11,16,8,12,34,55,40,65,1,25,26,31,35,52,19,18,51,1,0,1,34,35,35,52,51,54,53,1,0,35,8,32,35,61,59,58,60,2,20,23,22,24,35,106,54,116,117,1,3,8,8,2,35,63,58,59,62,2,14,22,23,15,35,61,60,66,67,2,20,24,13,12,34,113,112,115,0,2,29,28,35,43,42,67,66,2,14,15,12,13,35,9,10,26,27,0,11,33,5,16,34,64,55,65,1,18,25,31,35,49,48,30,28,0,11,33,5,16,35,26,10,11,81,0,5,33,20,35,35,29,74,79,75,1,8,36,2,3,35,45,47,91,90,2,22,23,15,14,35,83,82,84,85,1,1,37,1,0,35,80,0,25,50,0,8,35,20,12,35,28,30,71,70,1,16,5,38,30,35,27,26,72,73,1,16,5,38,30,35,29,27,73,74,1,8,16,30,36,35,99,146,11,10,2,31,10,20,33,34,77,69,78,0,27,39,1,34,74,76,79,0,36,28,2,35,17,31,16,14,1,10,12,32,3,34,101,143,99,2,4,18,31,35,70,71,40,55,0,30,38,26,25,35,0,68,78,69,1,35,0,1,39,35,74,73,7,76,0,36,30,25,28,34,78,68,77,1,1,0,27,35,77,68,75,76,1,27,0,3,28,34,76,75,79,1,28,3,2,35,57,56,120,121,1,16,40,17,16,35,71,69,77,40,0,38,39,27,26,35,72,20,7,73,0,38,26,25,30,35,11,31,29,81,0,20,12,8,35,35,15,13,82,83,0,2,9,37,1,35,25,0,30,48,0,20,35,5,33,35,30,0,69,71,1,5,35,39,38,35,87,86,88,89,1,3,2,41,2,35,18,19,89,88,0,34,1,2,41,35,83,85,14,15,2,1,0,3,2,35,52,87,89,19,2,0,3,2,1,34,103,104,16,1,0,35,32,35,12,14,16,104,1,8,3,32,35,35,11,103,16,31,2,20,0,32,12,35,42,97,95,67,2,15,23,20,12,35,46,93,91,47,2,20,12,15,23,35,138,143,101,39,2,18,18,4,42,35,0,80,38,68,1,35,8,3,0,35,38,80,112,113,1,3,8,29,2,35,113,115,114,38,1,2,28,21,3,35,115,55,64,114,1,28,25,18,21,35,140,139,141,142,0,35,1,21,32,35,45,90,92,44,2,22,14,13,24,35,66,94,96,43,2,13,24,22,14,35,98,100,101,99,2,31,40,4,31,35,23,100,98,1,1,18,40,31,31,34,17,14,85,2,10,3,0,34,52,105,87,2,0,10,3,35,87,105,17,85,2,3,10,10,0,35,2,1,17,105,2,31,31,10,10,34,25,48,105,1,20,33,10,34,53,54,106,1,32,8,3,35,50,25,53,106,2,12,20,32,3,35,52,53,25,105,1,0,32,20,10,35,107,108,56,5,2,31,31,40,4,35,5,56,57,3,1,4,40,16,5,35,49,108,107,48,2,11,31,31,33,35,2,105,48,107,1,31,10,33,31,35,56,124,122,120,2,40,18,18,17,35,106,117,119,125,2,3,2,21,21,35,82,88,86,84,1,37,41,2,1,35,104,103,139,140,1,35,0,1,35,35,39,8,137,138,0,42,5,19,18,35,28,70,112,80,1,16,30,29,8,35,101,102,8,39,1,4,5,5,42,34,82,13,21,0,37,9,43,34,18,88,4,0,34,41,6,35,82,21,4,88,0,37,43,6,41,35,23,109,111,110,2,18,18,18,18,35,24,100,22,21,1,16,40,44,43,35,101,100,24,102,1,4,40,16,5,35,5,109,2,107,1,4,18,31,31,35,2,109,23,1,2,31,18,18,31,35,6,111,109,5,1,7,18,18,4,35,23,110,22,100,1,18,18,44,40,34,22,110,21,0,44,18,43,35,110,111,4,21,0,18,18,6,43,34,4,111,6,0,6,18,7,35,28,80,50,49,0,16,8,12,11,34,108,124,56,2,31,18,40,35,50,106,125,126,2,12,3,21,10,35,108,49,50,126,2,31,11,12,10,35,63,62,127,128,2,14,15,12,13,35,128,127,129,130,2,13,12,20,24,35,130,129,131,132,2,24,20,23,22,35,132,131,133,134,2,22,23,15,14,35,134,133,135,136,2,14,15,45,14,35,81,29,75,145,1,35,8,3,0,35,72,26,81,147,1,38,5,35,46,35,145,148,147,81,1,0,1,46,35,35,20,72,147,149,0,26,38,46,27,34,148,149,147,0,1,27,46,35,20,149,151,150,1,26,27,21,18,35,145,151,149,148,1,0,21,27,1,34,20,150,41,1,26,18,31,35,36,37,153,152,2,23,22,24,20,35,152,153,155,154,2,20,24,13,12,35,154,155,157,156,2,12,13,14,15,35,156,157,159,158,2,15,14,22,23,35,158,159,161,160,2,23,22,22,47,35,33,36,152,35,2,15,23,20,12,35,34,153,37,32,2,13,24,22,14,35,61,127,62,59,2,20,12,15,23,35,58,63,128,60,2,22,14,13,24,35,132,134,136,130,2,22,14,14,24,35,156,158,160,154,2,15,23,47,12,35,155,161,159,157,2,13,22,22,14,34,155,153,161,2,13,24,22,34,153,34,161,2,24,13,22,34,44,161,34,2,24,22,13,34,92,161,44,2,13,22,24,34,128,130,136,2,13,24,14,34,128,136,60,2,13,14,24,34,66,60,136,2,13,24,14,34,66,136,94,2,13,14,24,35,94,136,161,92,2,24,14,22,13,35,65,41,161,136,1,31,31,22,14,34,152,154,160,2,20,12,47,34,152,160,35,2,20,47,12,34,46,35,160,2,20,12,47,34,93,46,160,2,12,20,47,35,129,135,133,131,2,20,45,15,23,34,129,127,135,2,20,12,45,34,127,61,135,2,12,20,45,34,67,135,61,2,12,45,20,34,95,135,67,2,20,45,12,35,95,93,160,135,2,20,12,47,45,35,68,135,160,75,1,0,45,47,3,34,145,75,160,1,0,3,47,34,151,145,160,1,21,0,47,34,38,135,68,1,3,45,0,34,38,114,135,1,3,21,45],
			"uvs"      : [],