	{

		"metadata": {
			"formatVersion" : 3.1,
			"generatedBy"   : "Blender 2.7 Exporter",
			"vertices"      : 208,
			"faces"         : 110,
			"normals"       : 34,
			"colors"        : 0,
			"uvs"           : [],
			"materials"     : 2,
			"morphTargets"  : 0,
			"bones"         : 0
		},

			"scale" : 1.000000,
			
			"vertices" : [2.69134,-0.538058,1.2,2.85355,-0.646445,1.2,2.96194,-0.808656,1.2,3,-0.999998,1.2,2.96194,-1.19134,1.2,2.85355,-1.35355,1.2,2.69134,-1.46194,1.2,2.5,-1.5,1.2,2.30866,-1.46194,1.2,2.14645,-1.35355,1.2,2.03806,-1.19134,1.2,2,-0.999998,1.2,2.03806,-0.808656,1.2,2.14645,-0.646445,1.2,2.30866,-0.538058,1.2,2.5,-0.499998,1.2,2.5,-0.499998,-7,2.30866,-0.538058,-7,2.14645,-0.646445,-7,2.03806,-0.808656,-7,2,-0.999998,-7,2.03806,-1.19134,-7,2.14645,-1.35355,-7,2.30866,-1.46194,-7,2.5,-1.5,-7,2.69134,-1.46194,-7,2.85355,-1.35355,-7,2.96194,-1.19134,-7,3,-0.999998,-7,2.96194,-0.808656,-7,2.85355,-0.646445,-7,2.69134,-0.538058,-7,2.69134,1.46194,1.2,2.85355,1.35356,1.2,2.96194,1.19134,1.2,3,1,1.2,2.96194,0.80866,1.2,2.85355,0.646448,1.2,2.69134,0.538062,1.2,2.5,0.500002,1.2,2.30866,0.538062,1.2,2.14645,0.646448,1.2,2.03806,0.80866,1.2,2,1,1.2,2.03806,1.19134,1.2,2.14645,1.35356,1.2,2.30866,1.46194,1.2,2.5,1.5,1.2,2.5,1.5,-7,2.30866,1.46194,-7,2.14645,1.35356,-7,2.03806,1.19134,-7,2,1,-7,2.03806,0.80866,-7,2.14645,0.646448,-7,2.30866,0.538062,-7,2.5,0.500002,-7,2.69134,0.538062,-7,2.85355,0.646448,-7,2.96194,0.80866,-7,3,1,-7,2.96194,1.19134,-7,2.85355,1.35356,-7,2.69134,1.46194,-7,-0.308659,1.46194,1.2,-0.146447,1.35356,1.2,-0.0380602,1.19134,1.2,0,1,1.2,-0.0380602,0.80866,1.2,-0.146447,0.646448,1.2,-0.308659,0.538062,1.2,-0.5,0.500002,1.2,-0.691342,0.538062,1.2,-0.853553,0.646448,1.2,-0.96194,0.80866,1.2,-1,1,1.2,-0.96194,1.19134,1.2,-0.853553,1.35356,1.2,-0.691342,1.46194,1.2,-0.5,1.5,1.2,-0.5,1.5,-7,-0.691342,1.46194,-7,-0.853553,1.35356,-7,-0.96194,1.19134,-7,-1,1,-7,-0.96194,0.80866,-7,-0.853553,0.646448,-7,-0.691342,0.538062,-7,-0.5,0.500002,-7,-0.308659,0.538062,-7,-0.146447,0.646448,-7,-0.0380602,0.80866,-7,0,1,-7,-0.0380602,1.19134,-7,-0.146447,1.35356,-7,-0.308659,1.46194,-7,-0.308659,-0.538058,1.2,-0.146447,-0.646445,1.2,-0.0380602,-0.808656,1.2,0,-0.999998,1.2,-0.0380602,-1.19134,1.2,-0.146447,-1.35355,1.2,-0.308659,-1.46194,1.2,-0.5,-1.5,1.2,-0.691342,-1.46194,1.2,-0.853553,-1.35355,1.2,-0.96194,-1.19134,1.2,-1,-0.999998,1.2,-0.96194,-0.808656,1.2,-0.853553,-0.646445,1.2,-0.691342,-0.538058,1.2,-0.5,-0.499998,1.2,-0.5,-0.499998,-7,-0.691342,-0.538058,-7,-0.853553,-0.646445,-7,-0.96194,-0.808656,-7,-1,-0.999998,-7,-0.96194,-1.19134,-7,-0.853553,-1.35355,-7,-0.691342,-1.46194,-7,-0.5,-1.5,-7,-0.308659,-1.46194,-7,-0.146447,-1.35355,-7,-0.0380602,-1.19134,-7,0,-0.999998,-7,-0.0380602,-0.808656,-7,-0.146447,-0.646445,-7,-0.308659,-0.538058,-7,-2.30866,1.46194,1.8,-2.14645,1.35355,1.8,-2.03806,1.19134,1.8,-2,1,1.8,-2.03806,0.808658,1.8,-2.14645,0.646446,1.8,-2.30866,0.53806,1.8,-2.5,0.5,1.8,-2.69134,0.53806,1.8,-2.85355,0.646447,1.8,-2.96194,0.808658,1.8,-3,1,1.8,-2.96194,1.19134,1.8,-2.85355,1.35355,1.8,-2.69134,1.46194,1.8,-2.5,1.5,1.8,-2.5,1.5,-7,-2.69134,1.46194,-7,-2.85355,1.35355,-7,-2.96194,1.19134,-7,-3,1,-7,-2.96194,0.808658,-7,-2.85355,0.646447,-7,-2.69134,0.53806,-7,-2.5,0.5,-7,-2.30866,0.53806,-7,-2.14645,0.646446,-7,-2.03806,0.808658,-7,-2,1,-7,-2.03806,1.19134,-7,-2.14645,1.35355,-7,-2.30866,1.46194,-7,-2.30866,-0.538058,1.8,-2.14645,-0.646445,1.8,-2.03806,-0.808656,1.8,-2,-0.999998,1.8,-2.03806,-1.19134,1.8,-2.14645,-1.35355,1.8,-2.30866,-1.46194,1.8,-2.5,-1.5,1.8,-2.69134,-1.46194,1.8,-2.85355,-1.35355,1.8,-2.96194,-1.19134,1.8,-3,-0.999998,1.8,-2.96194,-0.808656,1.8,-2.85355,-0.646445,1.8,-2.69134,-0.538058,1.8,-2.5,-0.499998,1.8,-2.5,-0.499998,-7,-2.69134,-0.538058,-7,-2.85355,-0.646445,-7,-2.96194,-0.808656,-7,-3,-0.999998,-7,-2.96194,-1.19134,-7,-2.85355,-1.35355,-7,-2.69134,-1.46194,-7,-2.5,-1.5,-7,-2.30866,-1.46194,-7,-2.14645,-1.35355,-7,-2.03806,-1.19134,-7,-2,-0.999998,-7,-2.03806,-0.808656,-7,-2.14645,-0.646445,-7,-2.30866,-0.538058,-7,3,1.5,1.2,3,-1.5,1.2,-1,1.5,1.2,-1,-1.5,1.2,-1,-1.5,1.4,-1,1.5,1.4,3,-1.5,1.4,3,1.5,1.4,-2,1.5,1.8,-2,-1.5,1.8,-2,-1.5,2,-2,1.5,2,-3,1.5,1.8,-3,-1.5,1.8,-3,-1.5,2,-3,1.5,2],
			"faces"    : [35,15,0,31,16,0,0,1,1,0,35,25,26,5,6,0,2,3,3,2,35,19,20,11,12,0,4,5,5,4,35,26,27,4,5,0,3,6,6,3,35,20,21,10,11,0,5,7,7,5,35,27,28,3,4,0,6,8,8,6,35,21,22,9,10,0,7,9,9,7,35,28,29,2,3,0,8,10,10,8,35,22,23,8,9,0,9,11,11,9,35,16,17,14,15,0,0,12,12,0,35,29,30,1,2,0,10,13,13,10,35,23,24,7,8,0,11,14,14,11,35,17,18,13,14,0,12,15,15,12,35,0,1,30,31,0,1,13,13,1,35,24,25,6,7,0,14,2,2,14,35,18,19,12,13,0,15,4,4,15,35,63,48,47,32,0,1,0,0,1,35,57,58,37,38,0,2,3,3,2,35,51,52,43,44,0,4,5,5,4,35,58,59,36,37,0,3,6,6,3,35,52,53,42,43,0,5,7,7,5,35,59,60,35,36,0,6,8,8,6,35,53,54,41,42,0,7,9,9,7,35,60,61,34,35,0,8,10,10,8,35,54,55,40,41,0,9,11,11,9,35,48,49,46,47,0,0,12,12,0,35,61,62,33,34,0,10,13,13,10,35,55,56,39,40,0,11,14,14,11,35,49,50,45,46,0,12,15,15,12,35,62,63,32,33,0,13,1,1,13,35,56,57,38,39,0,14,2,2,14,35,50,51,44,45,0,15,4,4,15,35,95,80,79,64,0,1,0,0,1,35,89,90,69,70,0,2,3,3,2,35,83,84,75,76,0,4,5,5,4,35,90,91,68,69,0,3,6,6,3,35,84,85,74,75,0,5,7,7,5,35,91,92,67,68,0,6,16,16,6,35,85,86,73,74,0,7,9,9,7,35,92,93,66,67,0,16,10,10,16,35,86,87,72,73,0,9,11,11,9,35,80,81,78,79,0,0,12,12,0,35,93,94,65,66,0,10,13,13,10,35,87,88,71,72,0,11,14,14,11,35,81,82,77,78,0,12,15,15,12,35,94,95,64,65,0,13,1,1,13,35,88,89,70,71,0,14,2,2,14,35,82,83,76,77,0,15,4,4,15,35,127,112,111,96,0,1,0,0,1,35,121,122,101,102,0,2,3,3,2,35,115,116,107,108,0,4,5,5,4,35,122,123,100,101,0,3,6,6,3,35,116,117,106,107,0,5,7,7,5,35,123,124,99,100,0,6,16,16,6,35,117,118,105,106,0,7,9,9,7,35,124,125,98,99,0,16,10,10,16,35,118,119,104,105,0,9,11,11,9,35,112,113,110,111,0,0,12,12,0,35,125,126,97,98,0,10,13,13,10,35,119,120,103,104,0,11,14,14,11,35,113,114,109,110,0,12,15,15,12,35,126,127,96,97,0,13,1,1,13,35,120,121,102,103,0,14,2,2,14,35,114,115,108,109,0,15,4,4,15,35,159,144,143,128,0,1,0,0,1,35,153,154,133,134,0,2,3,3,2,35,147,148,139,140,0,4,17,17,4,35,154,155,132,133,0,3,6,6,3,35,148,149,138,139,0,17,7,7,17,35,155,156,131,132,0,6,8,8,6,35,149,150,137,138,0,7,9,9,7,35,156,157,130,131,0,8,10,10,8,35,150,151,136,137,0,9,11,11,9,35,144,145,142,143,0,0,12,12,0,35,157,158,129,130,0,10,13,13,10,35,151,152,135,136,0,11,14,14,11,35,145,146,141,142,0,12,15,15,12,35,158,159,128,129,0,13,1,1,13,35,152,153,134,135,0,14,2,2,14,35,146,147,140,141,0,15,4,4,15,35,191,176,175,160,0,1,0,0,1,35,185,186,165,166,0,2,3,3,2,35,179,180,171,172,0,4,17,17,4,35,186,187,164,165,0,3,6,6,3,35,180,181,170,171,0,17,7,7,17,35,187,188,163,164,0,6,8,8,6,35,181,182,169,170,0,7,9,9,7,35,188,189,162,163,0,8,10,10,8,35,182,183,168,169,0,9,11,11,9,35,176,177,174,175,0,0,12,12,0,35,189,190,161,162,0,10,13,13,10,35,183,184,167,168,0,11,14,14,11,35,177,178,173,174,0,12,15,15,12,35,190,191,160,161,0,13,1,1,13,35,184,185,166,167,0,14,2,2,14,35,178,179,172,173,0,15,4,4,15,35,193,195,194,192,1,18,19,20,21,35,192,199,198,193,1,21,22,23,18,35,193,198,196,195,1,18,23,24,19,35,194,197,199,192,1,20,25,22,21,35,198,199,197,196,1,23,22,25,24,35,196,197,203,202,1,24,25,26,27,35,197,194,200,203,1,25,20,28,26,35,195,196,202,201,1,19,24,27,29,35,194,195,201,200,1,20,19,29,28,35,202,203,207,206,1,27,26,30,31,35,203,200,204,207,1,26,28,32,30,35,201,202,206,205,1,29,27,31,33,35,200,201,205,204,1,28,29,33,32,35,205,206,207,204,1,33,31,30,32],
			"uvs"      : [],