	{

		"metadata": {
			"formatVersion" : 3.1,
			"generatedBy"   : "Blender 2.7 Exporter",
			"vertices"      : 68,
			"faces"         : 76,
			"normals"       : 28,
			"colors"        : 0,
			"uvs"           : [],
			"materials"     : 2,
			"morphTargets"  : 0,
			"bones"         : 0
		},

			"scale" : 1.000000,
			
			"vertices" : [-1,-1.5,5,-2,-1.5,4.4,-1,-1.5,4.4,-2,-1.5,5,-2,-2,5,-2,-2,3.6,-2,-2,4.4,-2,-2,3.8,-2,-1.5,3.8,-2,0.999999,3.8,-2,2,3.8,-2,2,3.6,-1,-2,5,-1,-2,4.4,-0.5,-1.5,4.4,-0.5,-2,4.4,-0.5,-1.5,5,-0.5,-2,5,-1.5,0.999999,3.8,-2,0.999999,4.4,-1.5,0.999999,4.4,-2,1.5,4.4,-1.5,1.5,4.4,-2,1.5,5,-1.5,1.5,5,-2,2.5,5,-1.5,2.5,5,-2,2.5,4.4,-1.5,2.5,4.4,-2,4,4.4,-1.5,4,4.4,-2,4,3.6,-1.5,4,3.8,-1.5,2,3.8,1,-1.5,5,2,-1.5,4.4,1,-1.5,4.4,2,-1.5,5,2,-2,5,2,-2,3.6,2,-2,4.4,2,-2,3.8,2,-1.5,3.8,2,1,3.8,2,2,3.8,2,2,3.6,1,-2,5,1,-2,4.4,0.5,-1.5,4.4,0.5,-2,4.4,0.5,-1.5,5,0.5,-2,5,1.5,1,3.8,2,1,4.4,1.5,1,4.4,2,1.5,4.4,1.5,1.5,4.4,2,1.5,5,1.5,1.5,5,2,2.5,5,1.5,2.5,5,2,2.5,4.4,1.5,2.5,4.4,2,4,4.4,1.5,4,4.4,2,4,3.6,1.5,4,3.8,1.5,2,3.8],
			"faces"    : [34,10,11,9,0,0,1,2,35,3,1,6,4,0,3,4,5,6,35,0,3,4,12,0,7,3,6,8,35,9,11,5,8,0,2,1,9,10,34,5,7,8,0,9,5,10,35,3,0,2,1,0,3,7,11,4,35,2,0,12,13,0,11,7,8,12,35,12,4,6,13,0,8,6,5,12,35,13,15,14,2,1,12,13,14,11,35,15,17,16,14,0,13,6,3,14,34,2,14,8,1,11,14,10,34,8,1,2,1,10,4,11,34,13,7,15,1,12,5,13,34,6,7,13,1,5,5,12,35,18,20,19,9,1,15,8,6,2,35,20,22,21,19,1,8,16,2,6,35,22,24,23,21,0,16,8,6,2,35,24,26,25,23,0,8,7,3,6,35,26,28,27,25,0,7,17,10,3,35,28,30,29,27,1,17,7,3,10,35,21,23,25,27,0,2,6,3,10,35,30,32,31,29,1,7,11,18,3,35,24,22,28,26,0,8,16,17,7,35,18,33,22,20,1,15,19,16,8,34,28,22,33,1,17,16,19,35,28,33,32,30,1,17,19,11,7,35,10,9,19,21,1,0,2,6,2,35,11,10,29,31,1,1,0,3,18,34,21,27,10,1,2,10,0,34,29,10,27,1,3,0,10,34,44,43,45,0,20,16,21,35,37,38,40,35,0,7,8,22,23,35,38,37,34,46,0,8,7,3,6,35,43,42,39,45,0,16,17,24,21,34,39,42,41,0,24,17,22,35,37,35,36,34,0,7,23,14,3,35,46,34,36,47,0,6,3,14,13,35,46,47,40,38,0,6,13,22,8,35,47,36,48,49,1,13,14,11,12,35,49,48,50,51,0,12,11,7,8,34,36,42,48,1,14,17,11,34,42,36,35,1,17,14,23,34,47,49,41,1,13,12,22,34,40,47,41,1,22,13,22,35,52,43,53,54,1,25,16,8,6,35,54,53,55,56,1,6,8,16,2,35,56,55,57,58,0,2,16,8,6,35,58,57,59,60,0,6,8,7,3,35,60,59,61,62,0,3,7,17,10,35,62,61,63,64,1,10,17,7,3,35,55,61,59,57,0,16,17,7,8,35,64,63,65,66,1,3,7,26,14,35,58,60,62,56,0,6,3,10,2,35,52,54,56,67,1,25,6,2,27,34,62,67,56,1,10,27,2,35,62,64,66,67,1,10,3,14,27,35,44,55,53,43,1,20,16,8,16,35,45,65,63,44,1,21,26,7,20,34,55,44,61,1,16,20,17,34,63,61,44,1,7,17,20,35,16,50,48,14,0,3,7,11,14,35,17,51,50,16,0,6,8,7,3,35,15,49,51,17,0,13,12,8,6,35,7,41,49,15,1,5,22,12,13,35,5,39,41,7,0,9,24,22,5,35,8,14,48,42,1,10,14,11,17,35,33,67,66,32,1,19,27,14,11,35,32,66,65,31,1,11,14,26,18,35,31,65,45,11,1,18,26,21,1,35,11,45,39,5,0,1,21,24,9,35,33,18,52,67,0,19,15,25,27,34,9,8,18,0,2,10,15,34,43,52,42,0,16,25,17,35,42,52,18,8,0,17,25,15,10,35,35,40,41,42,1,23,22,22,17,35,1,8,7,6,1,4,10,5,5],
			"uvs"      : [],
			"normals"  : [-1,0,0,-0.707083,0,-0.707083,-0.904508,-0.301492,0.301492,-0.577349,0.577349,0.577349,-0.707083,0.707083,0,-0.707083,-0.707083,0,-0.577349,-0.577349,0.577349,0.577349,0.577349,0.577349,0.577349,-0.577349,0.577349,-0.577349,-0.577349,-0.577349,-0.904508,0.301492,0.301492,0.301492,0.904508,0.301492,0.301492,-0.904508,0.301492,-0.301492,-0.904508,0.301492,-0.301492,0.904508,0.301492,0.301492,-0.301492,0.904508,0.904508,-0.301492,0.301492,0.904508,0.301492,0.301492,-0.577349,0.577349,-0.577349,0.707083,0,0.707083,1,0,0,0.707083,0,-0.707083,0.707083,-0.707083,0,0.707083,0.707083,0,0.577349,-0.577349,-0.577349,-0.301492,-0.301492,0.904508,0.577349,0.577349,-0.577349,-0.707083,0,0.707083],
			
			"skinIndices"  : [],
			"skinWeights"  : [],
			"morphTargets" : [],
			
			"bones"      : [],
			"animations" : [],
			
			"colors"    : [],
			"materials" : [
				{
					"DbgColor": 15658734,
					"DbgIndex": 0,
					"DbgName": "Dark Grey",
					"blending": "NormalBlending",
					"colorAmbient": [0.16000000476837162, 0.16000000476837162, 0.16000000476837162],
					"colorDiffuse": [0.16000000476837162, 0.16000000476837162, 0.16000000476837162],
					"colorEmissive": [0.0, 0.0, 0.0],
					"colorSpecular": [0.5, 0.5, 0.5],
					"depthTest": true,
					"depthWrite": true,
					"shading": "Lambert",
					"specularCoef": 50,
					"transparency": 1.0,
					"transparent": false,
					"vertexColors": false
				},
				{
					"DbgColor": 15597568,
					"DbgIndex": 1,
					"DbgName": "Red",
					"blending": "NormalBlending",
					"colorAmbient": [0.800000011920929, 0.0, 0.0],
					"colorDiffuse": [0.800000011920929, 0.0, 0.0],
					"colorEmissive": [0.0, 0.0, 0.0],
					"colorSpecular": [0.5, 0.5, 0.5],
					"depthTest": true,
					"depthWrite": true,
					"shading": "Lambert",
					"specularCoef": 50,
					"transparency": 1.0,
					"transparent": false,
					"vertexColors": false
				}
			]


	}
