	{

		"metadata": {
			"formatVersion" : 3.1,
			"generatedBy"   : "Blender 2.7 Exporter",
			"vertices"      : 294,
			"faces"         : 372,
			"normals"       : 82,
			"colors"        : 0,
			"uvs"           : [],
			"materials"     : 4,
			"morphTargets"  : 0,
			"bones"         : 0
		},

			"scale" : 1.000000,
			
			"vertices" : [-0.499995,1,1.4,0.500005,1,1.4,-0.999995,1,0.2,-0.999995,-1,0.2,-1.5,0.5,1.4,-0.999995,0.5,1.4,-0.999995,-0.5,1.4,-1.5,-0.5,1.4,-1.5,1,0.8,-0.999995,1,0.8,-0.999995,0.5,0.8,-1.5,0.5,0.8,1.5,0.5,0.2,1,0.5,0.2,1,1,0.2,0.500005,1.5,0.2,0,-1.5,0.2,1.5,-0.5,0.2,-0.109819,1.46157,0.200003,0.265368,1.34776,0.200003,0.611141,1.16294,0.200003,0.914213,0.914211,0.200003,1.16294,0.611139,0.200003,1.34776,0.265366,0.200003,-0.499995,1.5,0.2,1.46157,-0.109821,0.200003,0.500005,1.5,1.4,-0.499995,1.5,1.4,-1.5,1.5,4.47035e-08,1.46157,-0.109821,2.90573e-06,1.34776,0.265366,2.90573e-06,1.16294,0.611139,2.90573e-06,0.914213,0.914211,2.90573e-06,0.611141,1.16294,2.90573e-06,0.265368,1.34776,2.90573e-06,-0.109819,1.46157,2.90573e-06,1.5,-0.5,4.47035e-08,1.5,-1.5,4.47035e-08,-1.5,-1.5,4.47035e-08,-0.5,1.5,4.47035e-08,-1.5,-0.5,0.8,-0.999995,-0.5,0.8,-0.999995,-1,0.8,-1.5,-1,0.8,0.500005,1,0.2,-1.5,1,0.2,-1.5,-1,0.2,-0.499995,1,0.2,1.22234,0.5,0.2,1,0.809675,0.2,0.80968,1,0.2,0.500005,1.22234,0.2,1,-0.5,0.2,1,-1,0.2,0,-1,0.2,-1,-1.5,0.2,0.500005,0.5,0.2,1,-1.5,0.2,1,0.5,1.4,1,-0.5,1.4,1.5,0.5,1.4,1.5,-0.5,1.4,0,-1.5,1.4,0,-1,1.4,0.5,-1.5,1.4,0.5,-1,1.4,0.5,-1.5,0.8,0.5,-1,0.8,1,-1.5,0.8,1,-1,0.8,1.5,-0.5,3.4,-0.109819,1.46157,3.4,0.265368,1.34776,3.4,0.611141,1.16294,3.4,0.914213,0.914211,3.4,1.16294,0.611139,3.4,1.34776,0.265366,3.4,-0.499995,1.5,3.4,1.46157,-0.109821,3.4,1.22234,0.5,3.4,1,0.809675,3.4,0.80968,1,3.4,0.500005,1.22234,3.4,1.5,-0.5,3.2,-0.109819,1.46157,3.2,0.265368,1.34776,3.2,0.611141,1.16294,3.2,0.914213,0.914211,3.2,1.16294,0.611139,3.2,1.34776,0.265366,3.2,-0.499995,1.5,3.2,1.46157,-0.109821,3.2,1,1,3.2,1,0.809675,3.2,0.80968,1,3.2,1,0.5,3.2,0.500005,1,3.2,0.500005,0.5,3.2,-0.499995,1,3.2,-1.5,1,3.2,-1.5,1.5,3.4,1,-0.5,3.2,1,-1.5,3.2,1.5,-1.5,3.4,-0.999995,-1,3.2,-1.5,-1,3.2,-0.999995,-1.5,3.2,-1.5,-1.5,3.4,-0.999995,-1.5,3.4,0,-1.5,3.4,1.5,0.5,3.4,1,0.5,3.4,1,1,3.4,0.5,1,3.4,0.5,1.5,3.4,0,-1,3.4,1,-1,3.4,0.5,0.5,3.4,-1,1,3.4,1,0.5,4,1,1,4,0.5,1,4,0.5,0.5,4,0,-1.5,4.6,0,-1,4.6,0.5,-1.5,4.6,0.5,-1,4.6,0.5,-1.5,4,0.5,-1,4,1,-1.5,4,1,-1,4,1,-1.5,4.6,1,-1,4.6,1.5,0.5,4.6,1,0.5,4.6,1.5,-5.96046e-08,4.6,1,-5.96046e-08,4.6,1.5,-5.96046e-08,4,1,-5.96046e-08,4,1.5,-0.5,4,1,-0.5,4,1.5,-0.5,4.6,1,-0.5,4.6,1.5,-1.5,4.6,1.5,-1,4.6,0.5,1.5,4.6,0.5,1,4.6,0,1,4,0,1,4.6,0,1.5,4,0,1.5,4.6,-0.5,1,4,-0.5,1.5,4,-0.5,1,4.6,-0.5,1.5,4.6,-1,1,4.6,-1,1.5,4.6,-1.5,1.5,4.6,-1.5,-1.5,4.6,-0.999995,-1.5,4.6,-1.5,-1,4.6,-0.999995,-1,4.6,-1.5,-1,4,-0.999995,-1,4,-1.5,-0.5,4,-0.999995,-0.5,4,-1.5,-0.5,4.6,-0.999995,-0.5,4.6,-1.5,0.5,4.6,-0.999995,0.5,4.6,-1.5,0.5,4,-0.999995,0.5,4,-1.5,1,4,-0.999995,1,4,-1.5,1,4.6,1.5,0.5,5.2,1,0.5,5.2,1.5,-5.96046e-08,5.2,1,-5.96046e-08,5.2,1,-1.5,5.2,1,-1,5.2,1.5,-1.5,5.2,1.5,-1,5.2,0.5,1.5,5.2,0.5,1,5.2,0,1,5.2,0,1.5,5.2,-1,1,5.2,-1,1.5,5.2,-1.5,1.5,5.2,-1.5,-1.5,5.2,-0.999995,-1.5,5.2,-1.5,-1,5.2,-0.999995,-1,5.2,-1.5,1,5.2,2,-1.5,5.2,2,-0.5,5.2,1.5,-0.5,5.2,2,0.5,5.2,2,1.5,5.2,-2,1.5,5.2,-2,0.5,5.2,-1.5,0.5,5.2,-1.5,-0.5,5.2,-2,-0.5,5.2,-2,-1.5,5.2,1.5,0.5,5.4,2,-1.5,5.4,2,-0.5,5.4,1.5,-0.5,5.4,2,0.5,5.4,2,-1,5.4,2,1.5,5.4,-2,0.5,5.4,-1.5,0.5,5.4,-1.5,-0.5,5.4,-2,-0.5,5.4,2,1,5.4,-2,1,5.4,-2,1.5,5.4,-2,-1,5.4,-2,-1.5,5.4,1.5,-1,5.4,1.5,1,5.4,-1.5,1,5.4,-1.5,-1,5.4,1,-1,5.4,-0.999995,-1,5.4,1,1,5.4,-0.999995,1,5.4,1.5,0.5,6,2,-1.5,6,1.5,-0.5,6,2,-1,6,2,1.5,6,-1.5,0.5,6,-1.5,-0.5,6,2,1,6,-2,1,6,-2,1.5,6,-2,-1,6,-2,-1.5,6,1.5,-1,6,1.5,1,6,-1.5,1,6,-1.5,-1,6,1,0.5,6,1,-0.5,6,-1,0.5,6,-1,-0.5,6,1,1,6,1,-1,6,-0.999995,1,6,-0.999995,-1,6,-0.499995,1,6,-0.499995,-1,6,0.5,1,6,0.5,-1,6,1,1.5,6,-0.999995,1.5,6,-0.499995,1.5,6,0.5,1.5,6,1,-1.5,6,-0.999995,-1.5,6,-0.499995,-1.5,6,0.5,-1.5,6,1.5,1.5,6,-1.5,1.5,6,1.5,-1.5,6,-1.5,-1.5,6,1.5,0.5,6.6,1.5,-0.5,6.6,-1.5,0.5,6.6,-1.5,-0.5,6.6,1,0.5,6.6,1,-0.5,6.6,-1,0.5,6.6,-1,-0.5,6.6,-0.499995,1,6.6,-0.499995,-1,6.6,0.5,1,6.6,0.5,-1,6.6,1,1.5,6.6,-0.999995,1.5,6.6,-0.499995,1.5,6.6,0.5,1.5,6.6,1,-1.5,6.6,-0.999995,-1.5,6.6,-0.499995,-1.5,6.6,0.5,-1.5,6.6,1.5,1.5,6.6,-1.5,1.5,6.6,1.5,-1.5,6.6,-1.5,-1.5,6.6],