	{

		"metadata": {
			"formatVersion" : 3.1,
			"generatedBy"   : "Blender 2.7 Exporter",
			"vertices"      : 120,
			"faces"         : 118,
			"normals"       : 62,
			"colors"        : 0,
			"uvs"           : [],
			"materials"     : 4,
			"morphTargets"  : 0,
			"bones"         : 0
		},

			"scale" : 1.000000,
			
			"vertices" : [0.25,9.43724e-08,4.2,0.25,-1,4.2,-0.75,-0.5,0.6,0.749999,-0.5,0.6,-0.75,-1,0.6,0.749999,-1,0.6,0.749999,-1,0,-0.75,-1,0,0.749999,-0.5,0,-0.75,-0.5,0,-2.75,-0.5,0.6,-2.75,-0.5,0,3.25,-0.5,0.6,3.25,-0.5,0,-0.75,-0.5,1.2,0.749999,-0.5,1.2,-0.75,-0.5,2,0.75,-0.5,2,-0.75,-1,3.6,0.749999,-1,3.6,-0.75,5.66234e-08,2,-1.75,1.32121e-07,2,-1.75,-0.5,2,-0.75,5.66234e-08,3,-0.75,-0.5,3,-1.25,9.43724e-08,3.6,-1.25,-0.5,3.6,-1.75,1.32121e-07,3.6,-1.75,-0.5,3.6,-2.25,-0.5,3,-0.75,-0.5,3.6,-1.25,1,4.2,-2.75,1.6987e-07,1.4,-2.25,1.6987e-07,3,-0.75,0.5,1.4,-2.75,1,1.4,-0.75,1,1.4,0.75,0.5,1.4,0.75,1,1.4,-0.75,0.5,3.6,-0.75,1,3.6,0.75,0.5,3.6,0.75,1,3.6,3.25,-1.6987e-07,1.4,-0.75,5.66234e-08,0.6,0.75,-5.66234e-08,0.6,0.75,-5.66234e-08,0,-0.75,5.66234e-08,0,-2.75,1.6987e-07,0.6,-2.75,1.6987e-07,0,3.25,-1.6987e-07,0.6,3.25,-1.6987e-07,0,-0.75,1,0.6,0.75,1,0.6,0.75,1,0,-0.75,1,0,-0.75,5.66234e-08,1.2,0.75,-5.66234e-08,1.2,-2.75,1.6987e-07,1.2,3.25,-1.6987e-07,1.2,0.75,-5.66234e-08,3,-1.25,1,1.2,1.25,1,1.2,-1.25,0.5,4.2,2.25,-9.43724e-08,3.6,2.25,-0.5,3.6,-0.75,0.5,0.6,0.75,-5.66234e-08,2,-1.25,0.5,1.2,-0.75,0.5,1.2,-2.75,1,1.2,1.25,-9.43724e-08,3.6,0.75,-0.5,3,1.25,-0.5,3.6,0.75,-0.5,3.6,1.75,-1.32121e-07,2,1.75,-0.5,2,2.25,-0.5,3,2.25,-9.43724e-08,3,3.25,1,1.2,3.25,1,1.4,0.75,0.5,0.6,0.75,0.5,1.2,1.25,0.5,1.2,-0.75,-1,3,0.749999,-1,3,-0.75,-0.5,2.4,0.749999,-0.5,2.4,-0.75,5.66234e-08,2.4,0.75,-5.66234e-08,2.4,2.25,-9.43724e-08,2,2.25,-0.5,2,3.25,-9.43724e-08,2,3.25,-0.5,2,-2.25,1.6987e-07,2,-2.75,1.6987e-07,2,-2.25,-0.5,2,-2.75,-0.5,2,1.75,-1.32121e-07,3.6,1.75,-0.5,3.6,-0.75,-1,4.2,-1.25,9.43724e-08,4.2,-1.25,-0.5,4.2,-2.75,1.6987e-07,3.6,-0.75,-0.5,4.2,-2.75,-0.5,3.6,-2.75,1.6987e-07,4.2,-2.75,-0.5,4.2,2.75,-9.43724e-08,3.6,2.75,-0.5,3.6,0.25,0.5,4.2,0.25,1,4.2,0.749999,-1,4.05,0.75,-0.5,4.05,1.25,-0.5,3.9,1.58333,-0.5,3.8,1.25,-9.43724e-08,3.9,1.58333,-1.19538e-07,3.8,1.05,0.5,3.96,1.05,1,3.96],
			"faces"    : [35,8,3,5,6,0,0,1,2,3,35,6,5,4,7,0,3,2,4,5,35,7,4,2,9,0,5,4,6,7,35,9,2,10,11,0,7,6,8,9,35,3,8,13,12,0,1,0,9,10,34,4,14,2,0,4,11,6,34,3,15,5,0,1,12,2,35,5,15,14,4,0,2,12,11,4,35,14,15,17,16,1,11,12,13,14,35,67,17,76,75,1,15,13,14,16,35,23,24,26,25,0,17,18,19,20,35,21,27,28,22,1,15,21,22,13,35,103,105,107,106,1,20,19,6,23,34,94,32,95,1,16,24,24,35,17,67,89,87,1,13,15,25,26,35,95,97,96,94,1,24,27,14,16,34,17,15,76,1,13,12,14,34,26,24,30,0,19,18,6,35,67,20,88,89,1,15,16,23,25,35,74,19,85,72,0,1,1,28,29,34,118,110,41,0,30,8,22,35,33,29,105,103,1,17,31,19,20,35,101,102,28,27,1,32,33,22,21,34,43,67,75,1,24,15,16,35,37,43,80,38,3,34,24,24,15,35,36,40,42,38,0,16,17,21,15,35,34,37,41,39,0,35,34,22,31,35,37,38,42,41,0,34,15,21,22,35,36,34,39,40,0,16,35,31,17,35,32,43,37,34,3,24,24,34,35,35,40,39,63,31,0,17,31,36,37,35,47,49,48,44,0,38,39,40,23,35,45,50,51,46,0,25,40,39,41,34,19,112,1,0,1,42,8,35,55,52,53,54,0,43,17,21,44,35,50,45,57,59,1,40,25,44,39,35,44,48,58,56,1,23,40,39,43,35,36,38,62,61,3,16,15,45,46,35,90,91,93,92,1,15,13,27,24,34,66,69,68,0,18,5,47,35,74,113,112,19,0,1,48,42,1,35,56,58,68,69,3,43,39,47,5,35,61,70,35,36,3,46,39,24,16,35,72,87,89,60,0,29,26,25,21,35,66,68,61,52,0,18,47,46,17,35,68,58,70,61,3,47,39,39,46,35,60,71,73,72,0,21,49,50,29,35,20,67,43,32,1,16,15,24,24,34,73,74,72,0,50,1,29,35,17,87,86,16,1,13,26,51,14,35,98,78,90,75,1,17,21,15,16,35,3,91,76,15,1,1,13,14,12,35,78,77,91,90,1,21,22,13,15,35,91,77,99,76,1,13,22,31,14,35,12,93,91,3,1,10,27,13,1,35,53,52,61,62,0,21,17,46,45,34,81,83,82,0,52,53,3,35,81,53,62,83,0,52,21,45,53,35,59,57,82,83,3,39,44,3,53,35,79,59,83,62,3,39,39,53,45,35,23,25,71,60,0,17,20,49,21,35,32,34,36,35,3,24,35,16,24,35,38,80,79,62,3,15,24,39,45,35,46,47,55,54,0,41,38,43,44,35,9,8,6,7,0,7,0,3,5,35,46,8,9,47,0,41,0,7,38,35,9,11,49,47,0,7,9,39,38,35,13,8,46,51,0,9,0,41,39,35,20,21,22,16,1,16,15,13,14,35,85,84,86,87,0,28,54,51,26,35,19,18,84,85,0,1,6,54,28,34,21,20,32,1,15,16,24,35,21,94,33,27,1,15,16,17,21,34,87,72,85,0,26,29,28,35,24,84,18,30,0,18,54,6,6,35,23,88,86,24,0,17,23,51,18,35,23,60,89,88,0,17,21,25,23,34,84,24,86,0,54,18,51,35,88,20,16,86,1,23,16,14,51,35,75,76,99,98,1,16,14,31,17,34,75,90,43,1,16,15,24,34,90,92,43,1,15,24,24,34,21,32,94,1,15,24,16,35,10,2,96,97,1,8,6,14,27,35,2,14,22,96,1,6,11,13,14,34,14,16,22,1,11,14,13,35,22,28,29,96,1,13,22,31,14,35,94,96,29,33,1,16,14,31,17,35,25,26,102,101,0,20,19,33,32,35,30,18,100,104,0,6,6,6,6,35,26,30,104,102,0,19,6,6,33,35,107,105,28,102,1,6,19,22,33,34,29,28,105,1,31,22,19,34,108,78,64,1,55,21,56,35,73,114,113,74,0,50,42,48,1,34,103,27,33,1,20,21,17,35,77,78,108,109,1,22,21,55,57,35,103,106,101,27,1,20,23,32,21,34,78,98,64,1,21,17,56,35,18,19,1,100,0,6,1,8,6,35,71,116,114,73,0,49,58,42,50,34,71,0,116,0,49,40,58,35,101,0,71,25,0,32,40,49,20,35,39,41,110,63,0,31,22,8,36,35,40,31,111,42,0,17,37,40,21,35,42,119,118,41,0,21,59,30,22,34,119,42,111,0,59,21,40,34,98,117,64,1,17,60,56,34,77,109,65,1,22,57,8,34,77,65,99,1,22,8,31,34,99,65,115,1,31,8,61,35,98,99,115,117,1,17,31,61,60,35,56,69,66,44,0,43,5,18,23,34,47,44,66,0,38,23,18,35,52,55,47,66,0,17,43,38,18,35,57,45,81,82,0,44,25,52,3,34,46,81,45,0,41,52,25,35,53,81,46,54,0,21,52,41,44],
			"uvs"      : [],
			"normals"  : [0.301492,-0.301492,-0.904508,0.707083,-0.707083,0,0.637898,-0.724113,0.262154,0.577349,-0.577349,-0.577349,-0.637898,-0.724113,0.262154,-0.577349,-0.577349,-0.577349,-0.707083,-0.707083,0,-0.301492,-0.301492,-0.904508,0,-1,0,0,-0.707083,-0.707083,0,-0.999969,0,-0.114933,-0.979339,0.166356,0.114933,-0.979339,0.166356,0.301492,-0.904508,0.301492,-0.301492,-0.904508,0.301492,0.301492,0.904508,0.301492,-0.301492,0.904508,0.301492,-0.573626,0.792322,-0.207678,-0.979339,-0.114933,-0.166356,-0.724113,-0.637898,-0.262154,-0.724113,0.637898,-0.262154,0.573626,0.792322,-0.207678,0.573626,-0.792322,-0.207678,-0.707083,0.707083,0,0,0.707083,0.707083,0.707083,0.707083,0,0.792322,-0.573626,-0.207678,0,-0.707083,0.707083,0.637898,-0.724113,-0.262154,0.979308,-0.114933,-0.166356,0.616535,-0.596515,-0.513779,-0.573626,-0.792322,-0.207678,-0.136326,0.916288,-0.376568,-0.136326,-0.916288,-0.376568,0.301492,-0.301492,0.904508,-0.301492,-0.301492,0.904508,-0.670919,-0.487075,-0.559099,-0.670919,0.487075,-0.559099,-0.301492,0.301492,-0.904508,0,0.707083,-0.707083,0,1,0,0.301492,0.301492,-0.904508,0.644734,-0.764367,0,-0.577349,0.577349,-0.577349,0.577349,0.577349,-0.577349,0.245094,0.816095,-0.523331,-0.245094,0.816095,-0.523331,-0.204199,-0.148228,-0.96762,0.775353,-0.631489,0,0.724113,0.637898,-0.262154,0.724113,-0.637898,-0.262154,-0.792322,-0.573626,-0.207678,0.979339,-0.114933,-0.166356,0.204199,-0.148228,-0.96762,-0.637898,-0.724113,-0.262154,0.670919,0.487075,-0.559099,0,0.999969,0,0.670919,-0.487075,-0.559099,0.644734,0.764367,0,0.616535,0.596515,-0.513779,-0.719962,0.348766,-0.599963,-0.719962,-0.348766,-0.599963],
			
			"skinIndices"  : [],
			"skinWeights"  : [],
			"morphTargets" : [],
			
			"bones"      : [],
			"animations" : [],
			
			"colors"    : [],
			"materials" : [
				{
					"DbgColor": 15658734,
					"DbgIndex": 0,
					"DbgName": "Black",
					"blending": "NormalBlending",
					"colorAmbient": [0.08000000238418581, 0.08000000238418581, 0.08000000238418581],
					"colorDiffuse": [0.08000000238418581, 0.08000000238418581, 0.08000000238418581],
					"colorEmissive": [0.0, 0.0, 0.0],
					"colorSpecular": [0.5, 0.5, 0.5],
					"depthTest": true,
					"depthWrite": true,
					"shading": "Lambert",
					"specularCoef": 50,
					"transparency": 1.0,
					"transparent": false,
					"vertexColors": false
				},
				{
					"DbgColor": 15597568,
					"DbgIndex": 1,
					"DbgName": "Gray",
					"blending": "NormalBlending",