	{

		"metadata": {
			"formatVersion" : 3.1,
			"generatedBy"   : "Blender 2.7 Exporter",
			"vertices"      : 50,
			"faces"         : 53,
			"normals"       : 18,
			"colors"        : 0,
			"uvs"           : [],
			"materials"     : 2,
			"morphTargets"  : 0,
			"bones"         : 0
		},

			"scale" : 1.000000,
			
			"vertices" : [-1.5,-1,2.38419e-07,-4.5,-1,0.2,-2.5,1,3.2,-1.5,1,3.2,-4,-1,0.6,-4.5,-1,0.6,-2.5,1,3,-2.5,1,2.6,-4,-1,0.8,-4.5,-1,0.8,-3,1,2.6,-3,1,2.4,-5,-1,0.2,-3,1,2,-5,-1,0,-3.5,1,2,-4.5,-1,0,-3.5,1,1.8,-4,-1,1.2,-3.5,1,1.4,-4,-1,1.4,-4,1,1.4,-3.5,-1,1.4,-4,1,1.2,-3.5,-1,1.8,-4.5,1,0,-3.5,-1,2,-5,1,0,-3,-1,2,-5,1,0.2,-3,-1,2.4,-4.5,1,0.8,-3,-1,2.6,-4,1,0.8,-2.5,-1,2.6,-4.5,1,0.6,-2.5,-1,3,-4,1,0.6,-2.5,-1,3.2,-4.5,1,0.2,-1.5,-1,3.2,-1.5,1,2.38419e-07,-3,-1,1.8,-3.5,-1,1.2,-2.5,-1,2.4,-1.5,-1,3,-3,1,1.8,-3.5,1,1.2,-2.5,1,2.4,-1.5,1,3],
			"faces"    : [35,0,4,5,1,0,0,1,2,3,35,1,39,29,12,1,3,4,5,6,35,45,49,3,40,1,7,8,9,10,35,8,33,31,9,1,3,4,5,6,35,16,1,12,14,1,11,3,6,12,35,26,15,17,24,1,6,5,13,2,35,5,4,8,9,1,2,1,3,6,35,5,35,39,1,0,2,13,4,3,35,49,41,7,6,0,8,14,4,13,34,48,7,41,0,15,4,14,35,13,11,48,41,0,4,13,15,14,34,46,13,41,0,15,4,14,34,16,0,1,0,11,0,3,35,32,10,11,30,1,6,5,13,2,35,19,17,46,41,0,4,13,15,14,34,47,19,41,0,15,4,14,35,33,23,47,41,0,4,13,15,14,34,33,41,37,0,4,14,15,35,6,2,3,49,1,13,5,9,8,35,11,10,7,48,1,13,5,4,15,35,17,15,13,46,1,13,5,4,15,35,23,21,19,47,1,13,5,4,15,34,39,41,25,0,4,14,16,35,35,31,33,37,1,13,5,4,15,35,25,27,29,39,1,16,17,5,4,35,35,37,41,39,0,13,15,14,4,35,18,43,22,20,1,2,1,3,6,35,24,42,28,26,1,2,1,3,6,35,30,44,34,32,1,2,1,3,6,35,36,45,40,38,1,2,7,10,6,34,4,0,8,0,1,0,3,35,8,0,43,18,0,3,0,1,2,34,43,0,22,0,1,0,3,35,22,0,42,24,0,3,0,1,2,34,42,0,28,0,1,0,3,35,28,0,44,30,0,3,0,1,2,34,44,0,34,0,1,0,3,35,34,0,45,36,0,3,0,7,2,35,38,2,6,36,1,6,5,13,2,35,22,19,21,20,1,3,4,5,6,35,28,13,15,26,1,3,4,5,6,35,34,7,10,32,1,3,4,5,6,35,12,29,27,14,1,6,5,17,12,35,40,3,2,38,1,10,9,5,6,35,18,23,33,8,0,2,13,4,3,35,24,17,19,22,0,2,13,4,3,35,0,41,49,45,0,0,14,8,7,35,30,11,13,28,0,2,13,4,3,35,36,6,7,34,0,2,13,4,3,35,9,31,35,5,1,6,5,13,2,35,14,27,25,16,1,12,17,16,11,35,41,0,16,25,0,14,0,11,16,35,20,21,23,18,1,6,5,13,2],
			"uvs"      : [],
			"normals"  : [0.577349,-0.577349,-0.577349,0,-1,0,-0.707083,-0.707083,0,-0.301492,-0.904508,0.301492,-0.301492,0.904508,0.301492,-0.577349,0.577349,0.577349,-0.577349,-0.577349,0.577349,0.707083,-0.707083,0,0.707083,0.707083,0,0.577349,0.577349,0.577349,0.577349,-0.577349,0.577349,0,-0.707083,-0.707083,-0.577349,-0.577349,-0.577349,-0.707083,0.707083,0,0.577349,0.577349,-0.577349,0,1,0,0,0.707083,-0.707083,-0.577349,0.577349,-0.577349],
			
			"skinIndices"  : [],
			"skinWeights"  : [],
			"morphTargets" : [],
			
			"bones"      : [],
			"animations" : [],
			
			"colors"    : [],
			"materials" : [
				{
					"DbgColor": 15658734,
					"DbgIndex": 0,
					"DbgName": "Red",
					"blending": "NormalBlending",
					"colorAmbient": [0.800000011920929, 0.0, 0.0],
					"colorDiffuse": [0.800000011920929, 0.0, 0.0],
					"colorEmissive": [0.0, 0.0, 0.0],
					"colorSpecular": [0.5, 0.5, 0.5],
					"depthTest": true,
					"depthWrite": true,
					"shading": "Lambert",
					"specularCoef": 50,
					"transparency": 1.0,
					"transparent": false,
					"vertexColors": false
				},
				{
					"DbgColor": 15597568,
					"DbgIndex": 1,
					"DbgName": "Gray",
					"blending": "NormalBlending",
					"colorAmbient": [0.4000000059604645, 0.4000000059604645, 0.4000000059604645],
					"colorDiffuse": [0.4000000059604645, 0.4000000059604645, 0.4000000059604645],
					"colorEmissive": [0.0, 0.0, 0.0],
					"colorSpecular": [0.5, 0.5, 0.5],
					"depthTest": true,
					"depthWrite": true,
					"shading": "Lambert",
					"specularCoef": 50,
					"transparency": 1.0,
					"transparent": false,
					"vertexColors": false
				}
			]


	}
