	{

		"metadata": {
			"formatVersion" : 3.1,
			"generatedBy"   : "Blender 2.7 Exporter",
			"vertices"      : 120,
			"faces"         : 118,
			"normals"       : 62,
			"colors"        : 0,
			"uvs"           : [],
			"materials"     : 4,
			"morphTargets"  : 0,
			"bones"         : 0
		},

			"scale" : 1.000000,
			
			"vertices" : [0.25,-9.43724e-08,4.2,0.25,1,4.2,-0.75,0.5,0.6,0.749999,0.5,0.6,-0.75,1,0.6,0.749999,1,0.6,0.749999,1,0,-0.75,1,0,0.749999,0.5,0,-0.75,0.5,0,-2.75,0.5,0.6,-2.75,0.5,0,3.25,0.5,0.6,3.25,0.5,0,-0.75,0.5,1.2,0.749999,0.5,1.2,-0.75,0.5,2,0.75,0.5,2,-0.75,1,3.6,0.749999,1,3.6,-0.75,-5.66234e-08,2,-1.75,-1.32121e-07,2,-1.75,0.5,2,-0.75,-5.66234e-08,3,-0.75,0.5,3,-1.25,-9.43724e-08,3.6,-1.25,0.5,3.6,-1.75,-1.32121e-07,3.6,-1.75,0.5,3.6,-2.25,0.5,3,-0.75,0.5,3.6,-1.25,-1,4.2,-2.75,-1.6987e-07,1.4,-2.25,-1.6987e-07,3,-0.75,-0.5,1.4,-2.75,-1,1.4,-0.75,-1,1.4,0.75,-0.5,1.4,0.75,-1,1.4,-0.75,-0.5,3.6,-0.75,-1,3.6,0.75,-0.5,3.6,0.75,-1,3.6,3.25,1.6987e-07,1.4,-0.75,-5.66234e-08,0.6,0.75,5.66234e-08,0.6,0.75,5.66234e-08,0,-0.75,-5.66234e-08,0,-2.75,-1.6987e-07,0.6,-2.75,-1.6987e-07,0,3.25,1.6987e-07,0.6,3.25,1.6987e-07,0,-0.75,-1,0.6,0.75,-1,0.6,0.75,-1,0,-0.75,-1,0,-0.75,-5.66234e-08,1.2,0.75,5.66234e-08,1.2,-2.75,-1.6987e-07,1.2,3.25,1.6987e-07,1.2,0.75,5.66234e-08,3,-1.25,-1,1.2,1.25,-1,1.2,-1.25,-0.5,4.2,2.25,9.43724e-08,3.6,2.25,0.5,3.6,-0.75,-0.5,0.6,0.75,5.66234e-08,2,-1.25,-0.5,1.2,-0.75,-0.5,1.2,-2.75,-1,1.2,1.25,9.43724e-08,3.6,0.75,0.5,3,1.25,0.5,3.6,0.75,0.5,3.6,1.75,1.32121e-07,2,1.75,0.5,2,2.25,0.5,3,2.25,9.43724e-08,3,3.25,-1,1.2,3.25,-1,1.4,0.75,-0.5,0.6,0.75,-0.5,1.2,1.25,-0.5,1.2,-0.75,1,3,0.749999,1,3,-0.75,0.5,2.4,0.749999,0.5,2.4,-0.75,-5.66234e-08,2.4,0.75,5.66234e-08,2.4,2.25,9.43724e-08,2,2.25,0.5,2,3.25,9.43724e-08,2,3.25,0.5,2,-2.25,-1.6987e-07,2,-2.75,-1.6987e-07,2,-2.25,0.5,2,-2.75,0.5,2,1.75,1.32121e-07,3.6,1.75,0.5,3.6,-0.75,1,4.2,-1.25,-9.43724e-08,4.2,-1.25,0.5,4.2,-2.75,-1.6987e-07,3.6,-0.75,0.5,4.2,-2.75,0.5,3.6,-2.75,-1.6987e-07,4.2,-2.75,0.5,4.2,2.75,9.43724e-08,3.6,2.75,0.5,3.6,0.25,-0.5,4.2,0.25,-1,4.2,0.749999,1,4.05,0.75,0.5,4.05,1.25,0.5,3.9,1.58333,0.5,3.8,1.25,9.43724e-08,3.9,1.58333,1.19538e-07,3.8,1.05,-0.5,3.96,1.05,-1,3.96],
			"faces"    : [35,8,6,5,3,0,0,1,2,3,35,6,7,4,5,0,1,4,5,2,35,7,9,2,4,0,4,6,7,5,35,9,11,10,2,0,6,8,9,7,35,3,12,13,8,0,3,10,8,0,34,4,2,14,0,5,7,11,34,3,5,15,0,3,2,12,35,5,4,14,15,0,2,5,11,12,35,14,16,17,15,1,11,13,14,12,35,67,75,76,17,1,15,16,13,14,35,23,25,26,24,0,17,18,19,20,35,21,22,28,27,1,15,14,21,22,35,103,106,107,105,1,18,23,7,19,34,94,95,32,1,16,24,24,35,17,87,89,67,1,14,25,26,15,35,95,94,96,97,1,24,16,13,27,34,17,76,15,1,14,13,12,34,26,30,24,0,19,7,20,35,67,89,88,20,1,15,26,23,16,35,74,72,85,19,0,3,28,29,3,34,118,41,110,0,30,21,9,35,33,103,105,29,1,17,18,19,31,35,101,27,28,102,1,32,22,21,33,34,43,75,67,1,24,16,15,35,37,38,80,43,3,34,15,24,24,35,36,38,42,40,0,16,15,22,17,35,34,39,41,37,0,35,31,21,34,35,37,41,42,38,0,34,21,22,15,35,36,40,39,34,0,16,17,31,35,35,32,34,37,43,3,24,35,34,24,35,40,31,63,39,0,17,36,37,31,35,47,44,48,49,0,38,23,39,40,35,45,46,51,50,0,26,41,40,39,34,19,1,112,0,3,9,42,35,55,54,53,52,0,43,44,22,17,35,50,59,57,45,1,39,40,44,26,35,44,56,58,48,1,23,43,40,39,35,36,61,62,38,3,16,45,46,15,35,90,92,93,91,1,15,24,27,14,34,66,68,69,0,20,47,4,35,74,19,112,113,0,3,3,42,48,35,56,69,68,58,3,43,4,47,40,35,61,36,35,70,3,45,16,24,40,35,72,60,89,87,0,28,22,26,25,35,66,52,61,68,0,20,17,45,47,35,68,61,70,58,3,47,45,40,40,35,60,72,73,71,0,22,28,49,50,35,20,32,43,67,1,16,24,24,15,34,73,72,74,0,49,28,3,35,17,16,86,87,1,14,13,51,25,35,98,75,90,78,1,17,16,15,22,35,3,15,76,91,1,3,12,13,14,35,78,90,91,77,1,22,15,14,21,35,91,76,99,77,1,14,13,31,21,35,12,3,91,93,1,10,3,14,27,35,53,62,61,52,0,22,46,45,17,34,81,82,83,0,52,1,53,35,81,83,62,53,0,52,53,46,22,35,59,83,82,57,3,40,53,1,44,35,79,62,83,59,3,40,46,53,40,35,23,60,71,25,0,17,22,50,18,35,32,35,36,34,3,24,24,16,35,35,38,62,79,80,3,15,46,40,24,35,46,54,55,47,0,41,44,43,38,35,9,7,6,8,0,6,4,1,0,35,46,47,9,8,0,41,38,6,0,35,9,47,49,11,0,6,38,40,8,35,13,51,46,8,0,8,40,41,0,35,20,16,22,21,1,16,13,14,15,35,85,87,86,84,0,29,25,51,54,35,19,85,84,18,0,3,29,54,7,34,21,32,20,1,15,24,16,35,21,27,33,94,1,15,22,17,16,34,87,85,72,0,25,29,28,35,24,30,18,84,0,20,7,7,54,35,23,24,86,88,0,17,20,51,23,35,23,88,89,60,0,17,23,26,22,34,84,86,24,0,54,51,20,35,88,86,16,20,1,23,51,13,16,35,75,98,99,76,1,16,17,31,13,34,75,43,90,1,16,24,15,34,90,43,92,1,15,24,24,34,21,94,32,1,15,16,24,35,10,97,96,2,1,9,27,13,7,35,2,96,22,14,1,7,13,14,11,34,14,22,16,1,11,14,13,35,22,96,29,28,1,14,13,31,21,35,94,33,29,96,1,16,17,31,13,35,25,101,102,26,0,18,32,33,19,35,30,104,100,18,0,7,7,7,7,35,26,102,104,30,0,19,33,7,7,35,107,102,28,105,1,7,33,21,19,34,29,105,28,1,31,19,21,34,108,64,78,1,55,56,22,35,73,74,113,114,0,49,3,48,42,34,103,33,27,1,18,17,22,35,77,109,108,78,1,21,57,55,22,35,103,27,101,106,1,18,22,32,23,34,78,64,98,1,22,56,17,35,18,100,1,19,0,7,7,9,3,35,71,73,114,116,0,50,49,42,58,34,116,0,71,0,58,39,50,35,71,0,101,25,0,50,39,32,18,35,39,63,110,41,0,31,37,9,21,35,40,42,111,31,0,17,22,39,36,35,42,41,118,119,0,22,21,30,59,34,119,111,42,0,59,39,22,34,98,64,117,1,17,56,60,34,77,65,109,1,21,9,57,34,77,99,65,1,21,31,9,34,99,115,65,1,31,61,9,35,98,117,115,99,1,17,60,61,31,35,57,82,81,45,0,44,1,52,26,34,46,45,81,0,41,26,52,35,53,54,46,81,0,22,44,41,52,35,56,44,66,69,0,43,23,20,4,34,47,66,44,0,38,20,23,35,52,66,47,55,0,17,20,38,43],
			"uvs"      : [],
			"normals"  : [0.301492,0.301492,-0.904508,0.577349,0.577349,-0.577349,0.637898,0.724113,0.262154,0.707083,0.707083,0,-0.577349,0.577349,-0.577349,-0.637898,0.724113,0.262154,-0.301492,0.301492,-0.904508,-0.707083,0.707083,0,0,0.707083,-0.707083,0,1,0,0,0.999969,0,-0.114933,0.979339,0.166356,0.114933,0.979339,0.166356,-0.301492,0.904508,0.301492,0.301492,0.904508,0.301492,0.301492,-0.904508,0.301492,-0.301492,-0.904508,0.301492,-0.573626,-0.792322,-0.207678,-0.724113,-0.637898,-0.262154,-0.724113,0.637898,-0.262154,-0.979339,0.114933,-0.166356,0.573626,0.792322,-0.207678,0.573626,-0.792322,-0.207678,-0.707083,-0.707083,0,0,-0.707083,0.707083,0.792322,0.573626,-0.207678,0.707083,-0.707083,0,0,0.707083,0.707083,0.979308,0.114933,-0.166356,0.637898,0.724113,-0.262154,0.616535,0.596515,-0.513779,-0.573626,0.792322,-0.207678,-0.136326,-0.916288,-0.376568,-0.136326,0.916288,-0.376568,0.301492,0.301492,0.904508,-0.301492,0.301492,0.904508,-0.670919,-0.487075,-0.559099,-0.670919,0.487075,-0.559099,-0.301492,-0.301492,-0.904508,0,-1,0,0,-0.707083,-0.707083,0.301492,-0.301492,-0.904508,0.644734,0.764367,0,-0.577349,-0.577349,-0.577349,0.577349,-0.577349,-0.577349,-0.245094,-0.816095,-0.523331,0.245094,-0.816095,-0.523331,-0.204199,0.148228,-0.96762,0.775353,0.631489,0,0.724113,0.637898,-0.262154,0.724113,-0.637898,-0.262154,-0.792322,0.573626,-0.207678,0.979339,0.114933,-0.166356,0.204199,0.148228,-0.96762,-0.637898,0.724113,-0.262154,0.670919,-0.487075,-0.559099,0,-0.999969,0,0.670919,0.487075,-0.559099,0.644734,-0.764367,0,0.616535,-0.596515,-0.513779,-0.719962,-0.348766,-0.599963,-0.719962,0.348766,-0.599963],
			
			"skinIndices"  : [],
			"skinWeights"  : [],
			"morphTargets" : [],
			
			"bones"      : [],
			"animations" : [],
			
			"colors"    : [],
			"materials" : [
				{
					"DbgColor": 15658734,
					"DbgIndex": 0,
					"DbgName": "Black",
					"blending": "NormalBlending",
					"colorAmbient": [0.08000000238418581, 0.08000000238418581, 0.08000000238418581],
					"colorDiffuse": [0.08000000238418581, 0.08000000238418581, 0.08000000238418581],
					"colorEmissive": [0.0, 0.0, 0.0],
					"colorSpecular": [0.5, 0.5, 0.5],
					"depthTest": true,
					"depthWrite": true,
					"shading": "Lambert",
					"specularCoef": 50,
					"transparency": 1.0,
					"transparent": false,
					"vertexColors": false
				},
				{
					"DbgColor": 15597568,
					"DbgIndex": 1,
					"DbgName": "Gray",
					"blending": "NormalBlending",
					"colorAmbient": [0.4000000059604645, 0.4000000059604645, 0.4000000059604645],