	{

		"metadata": {
			"formatVersion" : 3.1,
			"generatedBy"   : "Blender 2.7 Exporter",
			"vertices"      : 44,
			"faces"         : 44,
			"normals"       : 28,
			"colors"        : 0,
			"uvs"           : [],
			"materials"     : 3,
			"morphTargets"  : 0,
			"bones"         : 0
		},

			"scale" : 1.000000,
			
			"vertices" : [-0.5,-1,0,-1.5,-1,0,-0.5,-1,4.05,-1.5,-1,3.75,-0.5,-0.5,0,-0.5,-0.5,4.05,-1.5,-0.5,0,-1.5,-0.5,3.75,-3,-0.5,0,-3,-0.5,3.6,-3,0.5,0,-3,0.5,3.6,-1.5,0.5,0,-1.5,0.5,3.75,-1.5,1,0,-1.5,1,3.75,-0.5,1,0,-0.5,1,4.05,-0.5,0.5,0,-0.5,0.5,4.05,0.5,0.5,0,0.5,0.5,4.2,0.5,-0.5,0,0.5,-0.5,4.2,0.5,-1,0,0.5,-1,4.2,1.5,-1,0,1.5,-1,4.2,1.5,-0.5,0,1.5,-0.5,4.2,2,-0.5,0,2,-0.5,4.2,0.5,1,0,0.5,1,4.2,1.5,1,0,1.5,1,4.2,1.5,0.5,0,1.5,0.5,4.2,2,0.5,0,2,0.5,4.2,0,0.5,4.2,0,-0.5,4.2,-2,-0.5,3.6,-2,0.5,3.6],
			"faces"    : [35,1,0,2,3,0,0,1,2,3,35,2,0,4,5,0,2,1,4,5,35,1,3,7,6,0,0,3,6,7,34,12,43,13,2,8,9,10,35,8,9,11,10,2,0,11,12,13,35,11,9,42,43,2,12,11,14,9,35,12,13,15,14,0,8,10,15,13,35,14,15,17,16,0,13,15,16,17,35,16,17,19,18,0,17,16,18,19,34,18,19,40,2,19,18,20,35,21,20,18,40,2,21,8,19,20,35,23,22,24,25,0,22,7,0,11,35,25,24,26,27,0,11,0,1,23,35,27,26,28,29,0,23,1,4,24,35,29,28,30,31,1,24,4,1,23,35,20,21,33,32,0,8,21,12,13,35,32,33,35,34,0,13,12,25,17,35,34,35,37,36,0,17,25,26,19,35,36,37,39,38,1,19,26,25,17,35,30,38,39,31,1,1,17,25,23,35,8,10,12,6,2,0,13,8,7,35,4,0,1,6,0,4,1,0,7,35,22,28,26,24,0,7,4,1,0,35,32,34,36,20,0,13,17,19,8,35,14,16,18,12,0,13,17,19,8,35,28,36,38,30,1,4,19,17,1,35,28,22,20,36,2,4,7,8,19,35,20,22,4,18,2,8,7,4,19,35,6,12,18,4,2,7,8,19,4,34,41,5,4,2,27,5,4,35,23,41,4,22,2,22,27,4,7,35,11,43,12,10,2,12,9,8,13,34,7,42,6,2,6,14,7,35,8,6,42,9,2,0,7,14,11,35,13,19,17,15,0,10,18,16,15,35,3,2,5,7,0,3,2,5,6,35,25,27,29,23,0,11,23,24,22,35,21,37,35,33,0,21,26,25,12,35,29,37,21,23,2,24,26,21,22,35,31,39,37,29,1,23,25,26,24,35,41,23,21,40,2,27,22,21,20,35,19,5,41,40,2,18,5,27,20,35,13,7,5,19,2,10,6,5,18,35,42,7,13,43,2,14,6,10,9],
			"uvs"      : [],
			"normals"  : [-0.577349,-0.577349,-0.577349,0.577349,-0.577349,-0.577349,0.493088,-0.563524,0.66274,-0.645253,-0.594226,0.480087,0.301492,-0.301492,-0.904508,0.044313,-0.380993,0.92349,-0.529038,-0.231391,0.816401,-0.301492,-0.301492,-0.904508,-0.301492,0.301492,-0.904508,-0.097446,0.741295,0.664052,-0.529038,0.231391,0.816401,-0.577349,-0.577349,0.577349,-0.577349,0.577349,0.577349,-0.577349,0.577349,-0.577349,-0.097446,-0.741295,0.664052,-0.645253,0.594226,0.480087,0.493088,0.563524,0.66274,0.577349,0.577349,-0.577349,0.044313,0.380993,0.92349,0.301492,0.301492,-0.904508,-0.107028,0.675832,0.729209,-0.301492,0.301492,0.904508,-0.301492,-0.301492,0.904508,0.577349,-0.577349,0.577349,0.301492,-0.301492,0.904508,0.577349,0.577349,0.577349,0.301492,0.301492,0.904508,-0.107028,-0.675832,0.729209],
			
			"skinIndices"  : [],
			"skinWeights"  : [],
			"morphTargets" : [],
			
			"bones"      : [],
			"animations" : [],
			
			"colors"    : [],
			"materials" : [
				{
					"DbgColor": 15658734,
					"DbgIndex": 0,
					"DbgName": "Black",
					"blending": "NormalBlending",
					"colorAmbient": [0.08000000238418581, 0.08000000238418581, 0.08000000238418581],
					"colorDiffuse": [0.08000000238418581, 0.08000000238418581, 0.08000000238418581],
					"colorEmissive": [0.0, 0.0, 0.0],
					"colorSpecular": [0.5, 0.5, 0.5],
					"depthTest": true,
					"depthWrite": true,
					"shading": "Lambert",
					"specularCoef": 50,
					"transparency": 1.0,
					"transparent": false,
					"vertexColors": false
				},
				{
					"DbgColor": 15597568,
					"DbgIndex": 1,
					"DbgName": "Yellow",
					"blending": "NormalBlending",
					"colorAmbient": [0.800000011920929, 0.800000011920929, 0.0],
					"colorDiffuse": [0.800000011920929, 0.800000011920929, 0.0],
					"colorEmissive": [0.0, 0.0, 0.0],
					"colorSpecular": [0.5, 0.5, 0.5],
					"depthTest": true,
					"depthWrite": true,
					"shading": "Lambert",
					"specularCoef": 50,
					"transparency": 1.0,
					"transparent": false,
					"vertexColors": false
				},
				{
					"DbgColor": 60928,
					"DbgIndex": 2,
					"DbgName": "Dark Grey",
					"blending": "NormalBlending",
					"colorAmbient": [0.16000000476837162, 0.16000000476837162, 0.16000000476837162],
					"colorDiffuse": [0.16000000476837162, 0.16000000476837162, 0.16000000476837162],
					"colorEmissive": [0.0, 0.0, 0.0],
					"colorSpecular": [0.5, 0.5, 0.5],
					"depthTest": true,
					"depthWrite": true,
					"shading": "Lambert",
					"specularCoef": 50,
					"transparency": 1.0,
					"transparent": false,
					"vertexColors": false
				}
			]


	}
