	{

		"metadata": {
			"formatVersion" : 3.1,
			"generatedBy"   : "Blender 2.7 Exporter",
			"vertices"      : 17,
			"faces"         : 13,
			"normals"       : 13,
			"colors"        : 0,
			"uvs"           : [],
			"materials"     : 3,
			"morphTargets"  : 0,
			"bones"         : 0
		},

			"scale" : 1.000000,
			
			"vertices" : [-1.5,-1.01,4.4,-1,-1.01,5,-0.5,-1.01,5,-0.5,-0.5,5,-0.5,-1.01,5.6,-0.5,-0.5,5.6,-1,-0.5,5,-1,-0.5,4.4,1.5,-1.01,4.4,1,-1.01,5,0.5,-1.01,5,0.5,-0.5,5,0.5,-1.01,5.6,0.5,-0.5,5.6,1,-0.5,5,1,-0.5,4.4,-1.19209e-07,-1.01,4.4],
			"faces"    : [35,4,5,3,2,2,0,1,2,3,35,3,6,1,2,0,2,4,5,3,34,10,2,16,0,6,3,7,35,10,12,4,2,2,6,8,0,3,35,12,10,11,13,2,8,6,9,10,35,13,11,3,5,2,10,9,2,1,35,12,13,5,4,2,8,10,1,0,35,11,10,9,14,0,9,6,5,4,35,0,16,2,1,0,11,7,3,5,35,10,16,8,9,0,6,7,7,5,35,11,15,7,3,0,9,12,12,2,34,6,3,7,0,4,2,12,34,14,15,11,0,4,12,9],
			"uvs"      : [],
			"normals"  : [-0.577349,-0.577349,0.577349,-0.577349,0.577349,0.577349,-0.301492,0.904508,0.301492,-0.301492,-0.904508,0.301492,0,0.707083,0.707083,0,-0.821772,0.569781,0.301492,-0.904508,0.301492,0,-1,0,0.577349,-0.577349,0.577349,0.301492,0.904508,0.301492,0.577349,0.577349,0.577349,0,-0.999969,0,0,1,0],
			
			"skinIndices"  : [],
			"skinWeights"  : [],
			"morphTargets" : [],
			
			"bones"      : [],
			"animations" : [],
			
			"colors"    : [],
			"materials" : [
				{
					"DbgColor": 15658734,
					"DbgIndex": 0,
					"DbgName": "Black",
					"blending": "NormalBlending",
					"colorAmbient": [0.08000000238418581, 0.08000000238418581, 0.08000000238418581],
					"colorDiffuse": [0.08000000238418581, 0.08000000238418581, 0.08000000238418581],
					"colorEmissive": [0.0, 0.0, 0.0],
					"colorSpecular": [0.5, 0.5, 0.5],
					"depthTest": true,
					"depthWrite": true,
					"shading": "Lambert",
					"specularCoef": 50,
					"transparency": 1.0,
					"transparent": false,
					"vertexColors": false
				},
				{
					"DbgColor": 15597568,
					"DbgIndex": 1,
					"DbgName": "Gray",
					"blending": "NormalBlending",
					"colorAmbient": [0.4000000059604645, 0.4000000059604645, 0.4000000059604645],
					"colorDiffuse": [0.4000000059604645, 0.4000000059604645, 0.4000000059604645],
					"colorEmissive": [0.0, 0.0, 0.0],
					"colorSpecular": [0.5, 0.5, 0.5],
					"depthTest": true,
					"depthWrite": true,
					"shading": "Lambert",
					"specularCoef": 50,
					"transparency": 1.0,
					"transparent": false,
					"vertexColors": false
				},
				{
					"DbgColor": 60928,
					"DbgIndex": 2,
					"DbgName": "Yellow",
					"blending": "NormalBlending",
					"colorAmbient": [0.800000011920929, 0.800000011920929, 0.0],
					"colorDiffuse": [0.800000011920929, 0.800000011920929, 0.0],
					"colorEmissive": [0.0, 0.0, 0.0],
					"colorSpecular": [0.5, 0.5, 0.5],
					"depthTest": true,
					"depthWrite": true,
					"shading": "Lambert",
					"specularCoef": 50,
					"transparency": 1.0,
					"transparent": false,
					"vertexColors": false
				}
			]


	}
