	{

		"metadata": {
			"formatVersion" : 3.1,
			"generatedBy"   : "Blender 2.7 Exporter",
			"vertices"      : 198,
			"faces"         : 244,
			"normals"       : 91,
			"colors"        : 0,
			"uvs"           : [],
			"materials"     : 4,
			"morphTargets"  : 0,
			"bones"         : 0
		},

			"scale" : 1.000000,
			
			"vertices" : [-1.5,1,1.4,-0.500001,1.5,2,-2.5,1,2,-0.500002,1.5,0.799999,-2.5,1,1.4,-2.5,1.5,1.4,-0.500001,1,2,-1.5,1,2,-1.5,1.5,0.8,-2.5,1.5,0.799999,-1.5,1.5,2,-1,1.5,2.6,-1.5,1.5,1.4,-2,1.5,2,-1.5,1,0.8,-0.500002,1,0.799999,-2.5,1,0.8,-1,1,2.6,-2,1.5,2.6,-2.5,1.5,2,0.999998,1,2.8,2.5,0.5,2.6,0.999998,1,3.4,2,1.5,2.8,0.499998,1,0.799999,0.499998,1.5,0.799999,2,1,0.799999,2,1.5,0.799999,0.999998,1,0.799999,0.999998,1.5,0.799999,0.999999,1.5,2.25,0.980969,1.5,2.34567,0.926776,1.5,2.42678,0.84567,1.5,2.48097,0.749999,1.5,2.5,0.654328,1.5,2.48097,0.573222,1.5,2.42678,0.519029,1.5,2.34567,0.499999,1.5,2.25,0.999999,1,2.25,0.980969,1,2.34567,0.926776,1,2.42678,0.84567,1,2.48097,0.749999,1,2.5,0.654328,1,2.48097,0.573222,1,2.42678,0.519029,1,2.34567,0.499999,1,2.25,-0.500002,1.5,1.4,-0.500002,1,1.4,0.499998,1,1.4,0.499998,1.5,1.4,2,1,1.4,2,1.5,1.4,0.999998,1,1.4,0.999998,1.5,1.4,0.499998,1,2,2,0.5,2,0.999998,0.5,2,0.499998,1.5,2,2,1.5,2,0.999998,1.5,2,2,0.999998,2,0.999998,1,2,2,0.5,2.6,0.999998,0.5,2.8,-2.5,1.5,2.8,2,1.5,3.4,-2.5,1.5,3.4,-1.5,0.500001,2,-2.5,0.5,2,-2.5,1,2.6,-1.5,1,2.6,-1.5,0.500001,2.6,-2.5,0.5,2.6,-1.5,1,2.8,-1.5,0.500001,2.8,-2.5,0.5,2.8,-1.5,1,3.4,-2.5,1,3.4,2,1,2.6,2.5,1,2.6,2.5,0.5,2.8,2.5,1,2.8,2,0.5,2.8,2,1,2.8,2,1,3.4,-1.5,-1,1.4,-0.500001,-1.5,2,-2.5,-1,2,-0.500002,-1.5,0.799999,-2.5,-1,1.4,-2.5,-1.5,1.4,-0.500001,-1,2,-1.5,-1,2,-1.5,-1.5,0.799999,-2.5,-1.5,0.799998,-1.5,-1.5,2,-1,-1.5,2.6,-1.5,-1.5,1.4,-9.53674e-07,-1.5,0.199999,-2,-1.49999,-0.400001,-9.53674e-07,-1.49999,-8.9407e-07,-2,-1.49999,-0.600001,-2,-1.5,2,-1.5,-1,0.799999,-0.500002,-1,0.799999,-2,-1,-0.400001,-1.90735e-06,-1,0.199999,-2.5,-1,0.799999,-1,-1,2.6,-2,-1.5,2.6,0,1.5,0.2,-2,1.5,-0.4,0,1.5,0,-2,1.5,-0.6,-2.5,-1.5,2,-2,1,-0.4,-9.53674e-07,1,0.2,0.999998,-1,2.8,2.5,-0.5,2.6,0.999998,-1,3.4,2,-1.5,2.8,0.499998,-1,0.799999,0.499998,-1.5,0.799999,2,-1.5,0.199999,2,-1.5,-1.01328e-06,2,-1,0.199999,-2.5,-1.49999,-0.400001,-2.5,-1.49999,-0.600001,2,-1,0.799999,2,1.5,0.2,2,1.5,0,2,1,0.2,2,-1.5,0.799999,0.999998,-1,0.799999,0.999998,-1.5,0.799999,0.999999,-1.5,2.25,0.980969,-1.5,2.34567,0.926776,-1.5,2.42678,0.84567,-1.5,2.48097,0.749999,-1.5,2.5,0.654328,-1.5,2.48097,0.573222,-1.5,2.42678,0.519029,-1.5,2.34567,0.499999,-1.5,2.25,0.999999,-1,2.25,0.980969,-1,2.34567,0.926776,-1,2.42678,0.84567,-1,2.48097,0.749999,-1,2.5,0.654328,-1,2.48097,0.573222,-1,2.42678,0.519029,-1,2.34567,0.499999,-1,2.25,-2.5,-1,-0.400001,-2.5,1.5,-0.4,-2.5,1.5,-0.6,-2.5,1,-0.4,-0.500002,-1.5,1.4,-0.500002,-1,1.4,0.499998,-1,1.4,0.499998,-1.5,1.4,2,-1,1.4,2,-1.5,1.4,0.999998,-1,1.4,0.999998,-1.5,1.4,0.499998,-1,2,2,-0.5,2,0.999998,-0.5,2,0.499998,-1.5,2,2,-1.5,2,0.999998,-1.5,2,2,-0.999998,2,0.999998,-1,2,2,-0.5,2.6,0.999998,-0.5,2.8,-2.5,-1.5,2.8,2,-1.5,3.4,-2.5,-1.5,3.4,-1.5,-0.500001,2,-2.5,-0.5,2,-2.5,-1,2.6,-1.5,-1,2.6,-1.5,-0.500001,2.6,-2.5,-0.5,2.6,-1.5,-1,2.8,-1.5,-0.500001,2.8,-2.5,-0.5,2.8,-1.5,-1,3.4,-2.5,-1,3.4,2,-1,2.6,2.5,-1,2.6,2.5,-0.5,2.8,2.5,-1,2.8,2,-0.5,2.8,2,-1,2.8,2,-1,3.4],
			"faces"    : [35,12,0,14,8,2,0,1,2,3,35,7,0,12,10,3,4,1,0,5,35,17,7,10,11,3,6,4,5,7,35,14,15,3,8,1,2,8,9,3,35,6,17,11,1,2,10,6,7,11,34,22,20,65,3,12,13,14,34,20,42,41,2,13,15,16,35,62,80,64,57,3,17,18,19,20,34,65,20,39,3,14,13,21,35,25,24,28,29,1,3,2,8,9,35,75,72,17,20,2,22,22,6,13,35,37,46,47,38,2,23,24,25,26,35,36,45,46,37,2,27,28,24,23,35,35,44,45,36,2,29,30,28,27,35,34,43,44,35,2,31,32,30,29,35,33,42,43,34,2,33,15,32,31,35,32,41,42,33,2,34,16,15,33,35,31,40,41,32,2,35,36,16,34,35,30,39,40,31,2,37,21,36,35,34,39,20,40,2,21,13,36,34,40,20,41,2,36,13,16,34,42,20,43,2,15,13,32,34,34,23,33,2,31,0,33,34,32,33,23,2,34,33,0,34,31,32,23,2,35,34,0,34,30,31,23,2,37,35,0,34,65,39,63,3,14,21,38,35,17,6,56,47,2,6,10,22,25,35,5,12,8,9,2,39,0,3,39,35,11,10,13,18,3,7,5,40,40,35,14,0,4,16,2,2,1,41,13,35,4,2,19,5,3,41,38,39,39,35,16,4,5,9,2,13,41,39,39,35,24,50,49,15,2,2,22,13,8,35,3,48,51,25,2,9,39,0,3,35,25,51,50,24,2,3,0,22,2,35,15,49,48,3,2,8,13,39,9,35,29,55,53,27,2,9,39,0,0,35,26,52,54,28,2,22,1,41,8,35,28,54,55,29,2,8,41,39,9,35,27,53,52,26,2,0,0,1,22,35,52,57,58,54,3,1,20,42,41,35,1,48,49,6,3,11,39,13,10,35,55,61,60,53,3,39,39,0,0,35,23,60,61,30,2,0,0,39,37,35,52,53,60,62,3,1,0,0,17,35,54,63,61,55,3,41,38,39,39,35,39,30,61,63,2,21,37,39,38,35,57,64,65,58,3,20,19,14,42,35,58,65,63,54,3,42,14,38,41,35,49,50,56,6,3,13,22,22,10,35,50,51,59,56,3,22,0,0,22,35,47,56,59,38,2,25,22,0,26,35,12,5,19,13,3,0,39,39,40,34,12,13,10,3,0,40,5,35,19,66,18,13,2,39,39,40,40,35,48,1,59,51,3,39,11,0,0,35,1,11,38,59,2,11,7,26,0,34,18,66,11,2,40,39,7,34,38,11,37,2,26,7,23,34,36,37,11,2,27,23,7,34,35,36,11,2,29,27,7,34,34,35,11,2,31,29,7,35,23,34,11,66,2,0,31,7,39,35,66,68,67,23,3,39,43,44,0,35,0,69,70,4,3,1,20,42,41,34,0,7,69,3,1,4,20,34,4,70,2,3,41,42,38,35,70,74,71,2,3,42,45,38,38,35,7,72,73,69,3,4,22,46,20,35,69,73,74,70,3,20,46,45,42,34,7,17,72,3,4,6,22,35,72,75,76,73,2,22,22,47,46,35,76,187,184,73,2,47,48,18,46,35,74,77,66,71,2,45,49,39,38,35,2,71,66,19,2,38,38,39,39,35,43,20,17,44,2,32,13,6,30,34,44,17,45,2,30,6,28,34,45,17,46,2,28,6,24,34,47,46,17,2,25,24,6,35,76,78,79,77,3,47,50,51,49,34,76,75,78,3,47,22,50,35,22,78,75,20,3,12,50,22,13,35,68,66,77,79,3,43,39,49,51,35,23,80,62,60,2,0,18,17,0,34,62,57,52,3,17,20,1,35,80,81,21,64,3,18,52,53,19,35,81,83,82,21,3,52,44,54,53,35,83,85,84,82,3,44,55,56,54,35,81,80,85,83,3,52,18,55,44,34,80,23,85,2,18,0,55,34,65,64,84,3,14,19,56,34,64,82,84,3,19,54,56,34,64,21,82,3,19,53,54,34,85,86,84,3,55,57,56,35,22,65,84,86,3,12,14,56,57,35,67,86,85,23,3,44,57,55,0,34,86,67,22,3,57,44,12,35,68,78,22,67,3,43,50,12,44,34,79,78,68,3,51,50,43,35,105,87,99,95,2,3,58,22,2,35,95,96,128,101,1,2,13,13,59,35,90,95,101,100,1,8,2,59,59,35,94,97,99,87,3,60,61,22,58,35,102,100,101,103,0,62,59,59,63,35,106,108,107,105,1,9,64,65,3,35,107,155,109,105,1,65,66,39,3,35,110,98,97,94,3,7,6,61,60,35,105,95,90,106,1,3,2,8,9,35,114,115,113,112,0,67,68,40,40,35,127,133,118,108,0,55,69,70,64,35,93,88,98,110,2,11,10,6,7,35,108,118,117,107,0,64,70,71,65,35,102,103,115,114,0,62,63,68,67,34,121,176,119,3,72,73,39,34,119,148,149,2,39,34,33,34,131,133,132,0,0,69,52,35,126,125,100,102,0,74,22,59,62,34,125,126,127,0,22,74,55,35,132,133,127,126,0,52,69,55,74,35,173,168,175,191,3,17,75,76,46,34,176,146,119,3,73,77,39,34,135,127,123,1,9,55,3,34,130,127,135,1,0,55,9,35,126,102,114,132,0,74,62,67,52,35,132,114,112,131,0,52,67,40,0,35,124,136,135,123,1,2,8,9,3,35,186,119,110,183,2,0,39,7,0,35,130,134,125,127,1,0,22,22,55,34,136,125,134,1,8,22,22,34,136,124,125,1,8,2,22,35,100,125,124,90,1,59,22,2,8,35,144,145,154,153,2,24,25,26,23,35,143,144,153,152,2,28,24,23,27,35,142,143,152,151,2,30,28,27,29,35,141,142,151,150,2,32,30,29,31,35,140,141,150,149,2,15,32,31,33,35,139,140,149,148,2,16,15,33,34,35,138,139,148,147,2,36,16,34,35,35,137,138,147,146,2,78,36,35,77,34,146,147,119,2,77,35,39,34,147,148,119,2,35,34,39,35,108,106,123,127,1,64,9,3,55,34,149,150,119,2,33,31,39,34,141,140,122,2,32,15,22,34,139,122,140,2,16,22,15,34,138,122,139,2,36,22,16,34,137,122,138,2,78,22,36,34,176,174,146,3,73,38,77,35,103,129,157,115,0,63,79,80,68,35,117,158,155,107,0,71,81,66,65,35,115,157,156,113,0,68,80,39,40,35,101,128,129,103,0,59,13,79,63,35,158,157,129,155,0,81,80,79,66,35,110,154,167,93,2,7,26,0,11,35,128,96,109,155,1,13,13,39,66,35,92,96,95,99,2,13,13,2,22,35,98,111,104,97,3,6,59,59,61,35,91,87,105,109,2,82,58,3,39,35,91,92,116,89,3,82,13,13,38,35,109,96,92,91,2,39,13,13,82,34,157,158,156,0,80,81,39,34,129,128,155,0,79,13,66,35,123,106,160,161,2,3,9,39,0,35,90,124,162,159,2,8,2,22,13,35,124,123,161,162,2,2,3,0,22,35,106,90,159,160,2,9,8,13,39,35,136,134,164,166,2,8,22,22,13,35,130,135,165,163,2,0,9,82,58,35,135,136,166,165,2,9,