	{

		"metadata": {
			"formatVersion" : 3.1,
			"generatedBy"   : "Blender 2.7 Exporter",
			"vertices"      : 16,
			"faces"         : 14,
			"normals"       : 12,
			"colors"        : 0,
			"uvs"           : [],
			"materials"     : 6,
			"morphTargets"  : 0,
			"bones"         : 0
		},

			"scale" : 1.000000,
			
			"vertices" : [-0.25,-0.25,1.2,0.25,-0.25,1.2,-0.25,0.25,1.2,0.25,0.25,1.2,-0.25,-0.25,0.6,-0.25,0.25,0.6,-1.25,-0.25,0.6,-1.25,0.25,0.6,-1.25,-0.25,1.2,-1.25,0.25,1.2,-1.75,-0.25,1.2,-1.75,0.25,1.2,-1.75,-0.25,0,-1.75,0.25,0,0.25,-0.25,0,0.25,0.25,0],
			"faces"    : [35,0,1,3,2,4,0,1,2,3,35,0,2,5,4,4,0,3,4,5,35,4,5,7,6,4,5,4,6,7,35,6,7,9,8,4,7,6,2,1,35,8,9,11,10,4,1,2,3,0,35,10,11,13,12,4,0,3,8,9,35,12,13,15,14,4,9,8,10,11,35,1,14,15,3,4,1,11,10,2,35,3,15,5,2,4,2,10,4,3,35,1,0,4,14,4,1,0,5,11,35,7,13,11,9,4,6,8,3,2,35,8,10,12,6,4,1,0,9,7,35,5,15,13,7,4,4,10,8,6,35,6,12,14,4,4,7,9,11,5],
			"uvs"      : [],
			"normals"  : [-0.577349,-0.577349,0.577349,0.577349,-0.577349,0.577349,0.577349,0.577349,0.577349,-0.577349,0.577349,0.577349,-0.301492,0.904508,0.301492,-0.301492,-0.904508,0.301492,0.301492,0.904508,0.301492,0.301492,-0.904508,0.301492,-0.577349,0.577349,-0.577349,-0.577349,-0.577349,-0.577349,0.577349,0.577349,-0.577349,0.577349,-0.577349,-0.577349],
			
			"skinIndices"  : [],
			"skinWeights"  : [],
			"morphTargets" : [],
			
			"bones"      : [],
			"animations" : [],
			
			"colors"    : [],
			"materials" : [
				{
					"DbgColor": 15658734,
					"DbgIndex": 0,
					"DbgName": "Tan",
					"blending": "NormalBlending",
					"colorAmbient": [0.6400000190734865, 0.5644763553809575, 0.2225638184333416],
					"colorDiffuse": [0.6400000190734865, 0.5644763553809575, 0.2225638184333416],
					"colorEmissive": [0.0, 0.0, 0.0],
					"colorSpecular": [0.5, 0.5, 0.5],
					"depthTest": true,
					"depthWrite": true,
					"shading": "Lambert",
					"specularCoef": 50,
					"transparency": 1.0,
					"transparent": false,
					"vertexColors": false
				},
				{
					"DbgColor": 15597568,
					"DbgIndex": 1,
					"DbgName": "Gray",
					"blending": "NormalBlending",
					"colorAmbient": [0.4000000059604645, 0.4000000059604645, 0.4000000059604645],
					"colorDiffuse": [0.4000000059604645, 0.4000000059604645, 0.4000000059604645],
					"colorEmissive": [0.0, 0.0, 0.0],
					"colorSpecular": [0.5, 0.5, 0.5],
					"depthTest": true,
					"depthWrite": true,
					"shading": "Lambert",
					"specularCoef": 50,
					"transparency": 1.0,
					"transparent": false,
					"vertexColors": false
				},
				{
					"DbgColor": 60928,
					"DbgIndex": 2,
					"DbgName": "Dark Grey",
					"blending": "NormalBlending",
					"colorAmbient": [0.16000000476837162, 0.16000000476837162, 0.16000000476837162],
					"colorDiffuse": [0.16000000476837162, 0.16000000476837162, 0.16000000476837162],
					"colorEmissive": [0.0, 0.0, 0.0],
					"colorSpecular": [0.5, 0.5, 0.5],
					"depthTest": true,
					"depthWrite": true,
					"shading": "Lambert",
					"specularCoef": 50,
					"transparency": 1.0,
					"transparent": false,
					"vertexColors": false
				},
				{
					"DbgColor": 238,
					"DbgIndex": 3,
					"DbgName": "Black",
					"blending": "NormalBlending",
					"colorAmbient": [0.08000000238418581, 0.08000000238418581, 0.08000000238418581],
					"colorDiffuse": [0.08000000238418581, 0.08000000238418581, 0.08000000238418581],
					"colorEmissive": [0.0, 0.0, 0.0],
					"colorSpecular": [0.5, 0.5, 0.5],
					"depthTest": true,
					"depthWrite": true,
					"shading": "Lambert",
					"specularCoef": 50,
					"transparency": 1.0,
					"transparent": false,
					"vertexColors": false
				},
				{
					"DbgColor": 15658496,
					"DbgIndex": 4,
					"DbgName": "Red",
					"blending": "NormalBlending",
					"colorAmbient": [0.800000011920929, 0.0, 0.0],
					"colorDiffuse": [0.800000011920929, 0.0, 0.0],
					"colorEmissive": [0.0, 0.0, 0.0],
					"colorSpecular": [0.5, 0.5, 0.5],
					"depthTest": true,
					"depthWrite": true,
					"shading": "Lambert",
					"specularCoef": 50,
					"transparency": 1.0,
					"transparent": false,
					"vertexColors": false
				},
				{
					"DbgColor": 61166,
					"DbgIndex": 5,
					"DbgName": "Yellow",
					"blending": "NormalBlending",
					"colorAmbient": [0.800000011920929, 0.800000011920929, 0.0],
					"colorDiffuse": [0.800000011920929, 0.800000011920929, 0.0],
					"colorEmissive": [0.0, 0.0, 0.0],
					"colorSpecular": [0.5, 0.5, 0.5],
					"depthTest": true,
					"depthWrite": true,
					"shading": "Lambert",
					"specularCoef": 50,
					"transparency": 1.0,
					"transparent": false,
					"vertexColors": false
				}
			]


	}
