	{

		"metadata": {
			"formatVersion" : 3.1,
			"generatedBy"   : "Blender 2.7 Exporter",
			"vertices"      : 154,
			"faces"         : 191,
			"normals"       : 70,
			"colors"        : 0,
			"uvs"           : [],
			"materials"     : 4,
			"morphTargets"  : 0,
			"bones"         : 0
		},

			"scale" : 1.000000,
			
			"vertices" : [-0.5,7,-0.6,-1.5,6.5,0,-1.5,6.5,-0.6,0.5,7,-0.6,0.5,7.5,-0.6,0.5,7.5,0,1.5,6.5,0,1.5,6.5,-0.6,1,6.5,-0.6,1,6.5,0,1.5,6,0,-0.5,7.5,0,-0.5,7.5,-0.6,-1,6.5,0,-1,6.5,-0.6,1,6.5,-0.8,-1,6.5,-0.8,1,5.5,-0.8,-1,5.5,-0.8,1,5.5,-0.4,0.5,5.5,-0.4,1,6,-0.6,1,6,-0.4,1,6,0,-0.5,5.5,-0.4,-1,5.5,-0.4,-1,6,-0.6,-1,6,-0.4,-1,6,0,1.5,6.5,3.8,1,6,0.8,-0.9,6.9,-0.4,0.9,6.9,-0.4,-0.9,6,-0.4,0.9,6.9,0.2,-0.9,6.9,0.2,0.9,6,-0.4,0.45858,7.4,0.2,-0.45858,7.4,0.2,1.4,6.45858,0.2,0.9,6,0.8,-0.9,6,0.2,-1.4,6.45858,0.2,1.5,6,3.8,1.4,6.1,0.2,1.4,6.45858,3.7,1.4,6.1,3.7,-1.5,6,0,-1.4,6,3.7,-1.4,6.45858,3.7,-1.4,6,0.2,-1.5,6.5,3.8,-1.5,6,3.8,-1,6,0.2,0.5,7.5,3.8,-0.5,7.5,3.8,-0.45858,7.4,3.7,0.45858,7.4,3.7,0.5,6,-0.4,-0.5,6,-0.4,-0.5,6,0.8,-0.5,6,0.2,-1,6,0.8,0.5,6,0.8,0.5,0.5,0.2,1,0,-0.4,-1,0,0.8,-0.5,0,0.8,0.5,0.5,0.8,1,0,0.8,0.5,6,3.4,0.5,0,3.4,1,6,3.4,1,0,3.4,0.9,6.1,0.2,0.9,6,3.4,0.9,6.1,3.7,-1.35858,6.5,3.8,1.35858,6.5,3.8,0.5,7.35858,3.8,-1.35858,6.5,4.4,-0.5,7.35858,4.4,0.5,7.35858,4.4,1.35858,6.5,4.4,-0.5,7.5,4.4,0.5,7.5,4.4,-1.5,6.5,4.4,1.5,6.5,4.4,0.9,6,3.7,-0.5,7.35858,3.8,1,6,3.6,0.9,6,3.6,1,0,3.6,-1,6,3.2,-0.5,6,3.2,-1,6,3.4,-0.5,6,3.4,-1,5.5,3.2,-0.5,5.5,3.2,-1,5.5,1.4,-0.5,5.5,1.4,-1,5,0.8,-0.5,5,0.8,-1,4.5,1.4,-0.5,4.5,1.4,-1,4.5,2.6,-0.5,4.5,2.6,-1,3.5,2.6,-0.5,3.5,2.6,-1,3.5,1.4,-0.5,3.5,1.4,-1,3,0.8,-0.5,3,0.8,-1,2.5,1.4,-0.5,2.5,1.4,-1,2.5,2.6,-0.5,2.5,2.6,-1,1.5,2.6,-0.5,1.5,2.6,-1,1.5,1.4,-0.5,1.5,1.4,-1,1,0.8,-0.5,1,0.8,-1,0.5,1.4,-0.5,0.5,1.4,-1,0.5,3.2,-0.5,0.5,3.2,-1,0,3.2,-0.5,0,3.2,-1,4.5,3.2,-0.5,4.5,3.2,-1,3.5,3.2,-0.5,3.5,3.2,-1,2.5,3.2,-0.5,2.5,3.2,-1,1.5,3.2,-0.5,1.5,3.2,-1,0,3.4,-0.5,0,3.4,-1,0,3.6,-1,6,3.6,-1,0,-0.4,-0.5,0,-0.4,-1,0.5,-0.4,-0.5,0.5,-0.4,-1,0.5,0.2,-0.5,0.5,0.2,-1,5.5,0.2,-0.5,5.5,0.2,0.5,0,0.2,0.5,0,-0.4,0.5,0,0.8,-0.5,0.5,0.8,-0.5,0,0.2],
			"faces"    : [35,7,4,5,6,0,0,1,2,3,35,8,7,6,9,0,4,0,3,5,35,2,14,13,1,0,6,7,8,9,35,12,2,1,11,0,10,6,9,11,35,3,4,7,8,0,12,1,0,4,35,3,0,12,4,1,12,12,10,1,35,4,12,11,5,1,1,10,11,2,35,12,0,14,2,0,10,12,7,6,35,0,3,8,14,0,12,12,4,7,35,8,15,16,14,1,4,13,14,7,35,15,17,18,16,1,13,5,8,14,35,9,6,10,23,0,5,3,5,15,35,19,17,21,22,1,15,5,16,16,35,8,21,17,15,1,4,16,5,13,34,21,8,22,0,16,4,16,35,9,23,22,8,0,5,15,16,4,34,20,17,19,1,17,5,15,34,27,14,26,0,18,7,18,35,13,14,27,28,0,8,7,18,19,35,14,16,18,26,1,7,14,8,18,35,26,18,25,27,1,18,8,17,18,34,18,24,25,1,8,20,17,35,18,17,20,24,1,8,5,17,20,34,22,23,19,2,16,15,15,35,6,29,43,10,0,3,21,22,5,34,32,58,36,0,23,24,25,35,20,58,59,24,1,17,24,26,20,35,49,48,50,42,0,27,28,20,29,35,32,34,35,31,0,23,30,31,22,35,10,43,30,23,0,5,22,32,15,35,72,73,69,30,0,32,32,32,32,35,69,73,71,151,0,32,32,33,34,35,38,56,49,42,0,35,36,27,29,34,39,74,44,0,37,38,25,34,31,33,59,0,22,39,26,35,11,1,51,55,0,11,9,40,41,35,28,53,50,47,0,19,42,20,8,35,48,52,47,50,0,28,23,8,20,35,5,54,29,6,0,2,43,21,3,35,39,45,57,37,0,37,44,45,46,35,52,51,1,47,0,23,40,9,8,35,13,28,47,1,0,8,19,8,9,35,11,55,54,5,0,11,41,43,2,34,38,42,35,0,35,29,31,34,37,34,39,0,46,30,37,34,34,37,38,0,30,46,35,35,31,59,58,32,0,22,26,24,23,34,53,42,50,0,42,29,20,34,35,34,38,0,31,30,35,34,59,61,24,2,26,47,20,34,20,63,58,2,17,48,24,35,31,35,41,33,0,22,31,49,39,34,74,39,34,0,38,37,30,35,42,53,41,35,0,29,42,49,31,35,40,36,58,63,2,48,25,24,48,34,71,68,151,0,33,38,34,34,112,148,102,2,50,15,50,35,33,41,61,59,2,39,49,47,26,34,23,30,19,2,15,32,15,35,112,122,146,148,2,50,50,13,15,34,27,25,28,2,18,17,19,34,28,25,53,2,19,17,42,35,20,150,149,64,2,17,8,33,51,35,63,20,64,68,2,48,17,51,38,35,19,30,69,65,2,15,32,32,5,35,37,57,56,38,0,46,45,36,35,35,74,34,32,36,0,38,30,23,25,35,61,41,62,60,2,47,49,48,47,34,62,101,99,3,48,52,53,35,91,90,43,88,0,42,20,22,33,34,72,43,90,0,32,22,20,35,63,68,71,70,0,48,38,33,54,35,63,70,75,40,0,48,54,48,48,35,44,46,45,39,0,25,14,44,37,34,36,40,74,0,25,48,38,35,46,44,74,76,0,14,25,38,55,35,83,82,79,78,0,46,37,56,57,35,54,85,87,29,0,43,58,59,21,35,51,86,84,55,0,40,60,61,41,35,48,49,56,88,0,28,27,36,33,35,57,76,88,56,0,45,55,33,36,35,46,76,57,45,0,14,55,45,44,35,48,88,43,52,0,28,33,22,23,34,76,91,88,0,55,42,33,34,43,72,30,0,22,32,32,34,76,75,91,0,55,48,42,35,75,76,74,40,0,48,55,38,48,35,81,80,77,89,0,29,35,62,63,35,82,83,87,85,0,37,46,59,58,35,80,81,84,86,0,35,29,61,60,35,81,89,55,84,0,29,63,41,61,35,83,78,29,87,0,46,57,21,59,35,80,86,51,77,0,35,60,40,62,35,79,82,85,54,0,56,37,58,43,35,54,55,89,79,0,43,41,63,56,35,79,89,77,78,0,56,63,62,57,34,29,78,43,0,21,57,22,34,52,77,51,0,23,62,40,35,52,43,78,77,0,23,22,57,62,35,73,72,90,92,1,32,32,20,22,35,93,95,96,94,0,48,48,64,47,35,97,99,100,98,3,19,53,65,15,35,99,101,102,100,3,53,52,50,65,35,101,103,104,102,3,52,66,67,50,35,103,105,106,104,3,66,48,47,67,35,107,109,110,108,3,17,53,65,32,35,109,111,112,110,3,53,52,50,65,35,111,113,114,112,3,52,66,67,50,35,113,115,116,114,3,66,48,47,67,34,53,62,41,2,42,48,49,35,117,119,120,118,3,17,53,65,32,35,119,121,122,120,3,53,52,50,65,35,121,123,124,122,3,52,66,67,50,35,123,125,126,124,3,66,51,68,67,35,67,128,127,66,3,20,32,17,17,35,24,148,147,25,2,20,15,19,17,35,145,147,148,146,2,51,19,15,13,35,143,145,146,144,2,14,51,13,13,35,141,143,144,142,2,8,14,13,5,35,122,112,114,120,3,50,50,67,65,35,102,104,110,112,3,50,67,65,50,35,124,126,128,67,3,67,68,32,20,35,125,123,66,127,3,51,66,17,17,34,121,66,123,3,52,17,66,35,113,111,121,119,3,66,52,52,53,35,103,101,111,109,3,66,52,52,53,35,99,97,93,62,3,53,19,48,48,35,93,94,60,62,3,48,47,47,48,35,98,100,60,94,3,15,65,47,47,34,102,60,100,3,50,47,65,35,104,106,108,110,3,67,47,32,65,35,105,103,109,107,3,48,66,53,17,35,114,116,118,120,3,67,47,32,65,35,115,113,119,117,3,48,66,53,17,35,117,135,133,115,0,17,19,51,48,35,116,134,136,118,0,47,68,15,32,35,107,131,129,105,0,17,19,51,48,35,106,130,132,108,0,47,68,15,32,35,118,136,135,117,0,32,15,19,17,35,115,133,134,116,0,48,51,68,47,35,108,132,131,107,0,32,15,19,17,35,105,129,130,106,0,48,51,68,47,35,98,130,129,97,0,15,68,51,19,35,132,134,133,131,0,15,68,51,19,35,126,125,135,136,0,68,51,19,15,35,128,138,137,127,0,32,28,17,17,34,128,126,138,0,32,68,28,34,136,138,126,0,15,28,68,34,136,134,138,0,15,68,28,35,134,132,96,138,0,68,15,64,28,34,132,130,96,0,15,68,64,34,130,98,96,0,68,15,64,34,96,98,94,0,64,15,47,34,93,97,95,0,48,19,48,34,97,129,95,0,19,51,48,34,131,95,129,0,19,48,51,35,131,133,137,95,0,19,51,17,48,34,127,137,125,0,17,17,51,34,135,125,137,0,19,51,17,34,133,135,137,0,51,19,17,35,71,138,96,70,1,33,28,64,54,34,138,139,137,1,28,23,17,35,138,71,92,139,1,28,33,22,23,34,71,73,92,1,33,32,22,34,96,95,140,1,64,48,25,35,96,140,91,70,1,64,25,42,54,34,75,70,91,1,48,54,42,35,95,137,139,140,1,48,17,23,25,35,139,92,91,140,1,23,22,42,25,34,91,92,90,1,42,22,20,35,61,60,102,148,2,47,47,50,15,34,61,148,24,2,47,15,20,34,25,147,53,2,17,19,42,35,53,147,101,62,2,42,19,52,48,34,101,147,111,2,52,19,52,35,121,111,147,145,2,52,52,19,51,34,121,145,66,2,52,51,17,35,145,143,141,66,2,51,14,8,17,35,150,65,69,149,2,8,5,32,33,34,69,151,149,2,32,34,33,35,19,65,150,20,2,15,5,8,17,34,124,152,122,3,67,69,50,34,67,152,124,3,20,69,67,34,146,122,152,2,13,50,69,34,67,66,153,2,20,17,28,35,66,141,142,153,2,17,8,5,28,35,142,144,146,153,2,5,13,13,28,35,68,64,146,152,2,38,51,13,69,35,68,152,67,151,2,38,69,20,34,35,149,153,146,64,2,33,28,13,51,35,149,151,67,153,2,33,34,20,28],
			"uvs"      : [],