	{

		"metadata": {
			"formatVersion" : 3.1,
			"generatedBy"   : "Blender 2.7 Exporter",
			"vertices"      : 154,
			"faces"         : 191,
			"normals"       : 70,
			"colors"        : 0,
			"uvs"           : [],
			"materials"     : 4,
			"morphTargets"  : 0,
			"bones"         : 0
		},

			"scale" : 1.000000,
			
			"vertices" : [-0.5,-7,-0.6,-1.5,-6.5,0,-1.5,-6.5,-0.6,0.5,-7,-0.6,0.5,-7.5,-0.6,0.5,-7.5,0,1.5,-6.5,0,1.5,-6.5,-0.6,1,-6.5,-0.6,1,-6.5,0,1.5,-6,0,-0.5,-7.5,0,-0.5,-7.5,-0.6,-1,-6.5,0,-1,-6.5,-0.6,1,-6.5,-0.8,-1,-6.5,-0.8,1,-5.5,-0.8,-1,-5.5,-0.8,1,-5.5,-0.4,0.5,-5.5,-0.4,1,-6,-0.6,1,-6,-0.4,1,-6,0,-0.5,-5.5,-0.4,-1,-5.5,-0.4,-1,-6,-0.6,-1,-6,-0.4,-1,-6,0,1.5,-6.5,3.8,1,-6,0.8,-0.9,-6.9,-0.4,0.9,-6.9,-0.4,-0.9,-6,-0.4,0.9,-6.9,0.2,-0.9,-6.9,0.2,0.9,-6,-0.4,0.45858,-7.4,0.2,-0.45858,-7.4,0.2,1.4,-6.45858,0.2,0.9,-6,0.8,-0.9,-6,0.2,-1.4,-6.45858,0.2,1.5,-6,3.8,1.4,-6.1,0.2,1.4,-6.45858,3.7,1.4,-6.1,3.7,-1.5,-6,0,-1.4,-6,3.7,-1.4,-6.45858,3.7,-1.4,-6,0.2,-1.5,-6.5,3.8,-1.5,-6,3.8,-1,-6,0.2,0.5,-7.5,3.8,-0.5,-7.5,3.8,-0.45858,-7.4,3.7,0.45858,-7.4,3.7,0.5,-6,-0.4,-0.5,-6,-0.4,-0.5,-6,0.8,-0.5,-6,0.2,-1,-6,0.8,0.5,-6,0.8,0.5,-0.5,0.2,1,0,-0.4,-1,0,0.8,-0.5,0,0.8,0.5,-0.5,0.8,1,0,0.8,0.5,-6,3.4,0.5,0,3.4,1,-6,3.4,1,0,3.4,0.9,-6.1,0.2,0.9,-6,3.4,0.9,-6.1,3.7,-1.35858,-6.5,3.8,1.35858,-6.5,3.8,0.5,-7.35858,3.8,-1.35858,-6.5,4.4,-0.5,-7.35858,4.4,0.5,-7.35858,4.4,1.35858,-6.5,4.4,-0.5,-7.5,4.4,0.5,-7.5,4.4,-1.5,-6.5,4.4,1.5,-6.5,4.4,0.9,-6,3.7,-0.5,-7.35858,3.8,1,-6,3.6,0.9,-6,3.6,1,0,3.6,-1,-6,3.2,-0.5,-6,3.2,-1,-6,3.4,-0.5,-6,3.4,-1,-5.5,3.2,-0.5,-5.5,3.2,-1,-5.5,1.4,-0.5,-5.5,1.4,-1,-5,0.8,-0.5,-5,0.8,-1,-4.5,1.4,-0.5,-4.5,1.4,-1,-4.5,2.6,-0.5,-4.5,2.6,-1,-3.5,2.6,-0.5,-3.5,2.6,-1,-3.5,1.4,-0.5,-3.5,1.4,-1,-3,0.8,-0.5,-3,0.8,-1,-2.5,1.4,-0.5,-2.5,1.4,-1,-2.5,2.6,-0.5,-2.5,2.6,-1,-1.5,2.6,-0.5,-1.5,2.6,-1,-1.5,1.4,-0.5,-1.5,1.4,-1,-1,0.8,-0.5,-1,0.8,-1,-0.5,1.4,-0.5,-0.5,1.4,-1,-0.5,3.2,-0.5,-0.5,3.2,-1,0,3.2,-0.5,0,3.2,-1,-4.5,3.2,-0.5,-4.5,3.2,-1,-3.5,3.2,-0.5,-3.5,3.2,-1,-2.5,3.2,-0.5,-2.5,3.2,-1,-1.5,3.2,-0.5,-1.5,3.2,-1,0,3.4,-0.5,0,3.4,-1,0,3.6,-1,-6,3.6,-1,0,-0.4,-0.5,0,-0.4,-1,-0.5,-0.4,-0.5,-0.5,-0.4,-1,-0.5,0.2,-0.5,-0.5,0.2,-1,-5.5,0.2,-0.5,-5.5,0.2,0.5,0,0.2,0.5,0,-0.4,0.5,0,0.8,-0.5,-0.5,0.8,-0.5,0,0.2],
			"faces"    : [35,7,6,5,4,0,0,1,2,3,35,8,9,6,7,0,4,5,1,0,35,2,1,13,14,0,6,7,8,9,35,12,11,1,2,0,10,11,7,6,35,3,8,7,4,0,12,4,0,3,35,12,0,3,4,1,10,12,12,3,35,4,5,11,12,1,3,2,11,10,35,14,0,12,2,0,9,12,10,6,35,0,14,8,3,0,12,9,4,12,35,8,14,16,15,1,4,9,13,14,35,15,16,18,17,1,14,13,8,5,35,9,23,10,6,0,5,15,5,1,35,19,22,21,17,1,15,16,16,5,35,8,15,17,21,1,4,14,5,16,34,21,22,8,0,16,16,4,35,9,8,22,23,0,5,4,16,15,34,20,19,17,1,17,15,5,34,27,26,14,0,18,18,9,35,13,28,27,14,0,8,19,18,9,35,14,26,18,16,1,9,18,8,13,35,26,27,25,18,1,18,18,17,8,34,18,25,24,1,8,17,20,35,18,24,20,17,1,8,20,17,5,34,22,19,23,2,16,15,15,35,6,10,43,29,0,1,5,21,22,34,32,36,58,0,23,24,25,35,20,24,59,58,1,17,20,26,25,35,49,42,50,48,0,27,28,20,29,35,32,31,35,34,0,23,21,30,31,35,10,23,30,43,0,5,15,32,21,35,72,30,69,73,0,32,32,32,32,35,69,151,71,73,0,32,33,34,32,35,38,42,49,56,0,35,28,27,36,34,39,44,74,0,37,24,38,34,31,59,33,0,21,26,39,35,11,55,51,1,0,11,40,41,7,35,28,47,50,53,0,19,8,20,42,35,48,50,47,52,0,29,20,8,23,35,5,6,29,54,0,2,1,22,43,35,39,37,57,45,0,37,44,45,46,35,52,47,1,51,0,23,8,7,41,35,13,1,47,28,0,8,7,8,19,35,11,5,54,55,0,11,2,43,40,34,38,35,42,0,35,30,28,34,37,39,34,0,44,37,31,34,34,38,37,0,31,35,44,35,31,32,58,59,0,21,23,25,26,34,53,50,42,0,42,20,28,34,35,38,34,0,30,35,31,34,59,24,61,2,26,20,47,34,20,58,63,2,17,25,48,35,31,33,41,35,0,21,39,49,30,34,74,34,39,0,38,31,37,35,42,35,41,53,0,28,30,49,42,35,40,63,58,36,2,48,48,25,24,34,71,151,68,0,34,33,38,34,112,102,148,2,50,50,15,35,33,59,61,41,2,39,26,47,49,34,23,19,30,2,15,15,32,35,112,148,146,122,2,50,15,14,50,34,27,28,25,2,18,19,17,34,28,53,25,2,19,42,17,35,20,64,149,150,2,17,51,34,8,35,63,68,64,20,2,48,38,51,17,35,19,65,69,30,2,15,5,32,32,35,37,38,56,57,0,44,35,36,45,35,74,36,32,34,0,38,24,23,31,35,61,60,62,41,2,47,47,48,49,34,62,99,101,3,48,52,53,35,91,88,43,90,0,42,34,21,20,34,72,90,43,0,32,20,21,35,63,70,71,68,0,48,54,34,38,35,63,40,75,70,0,48,48,48,54,35,44,39,45,46,0,24,37,46,13,34,36,74,40,0,24,38,48,35,46,76,74,44,0,13,55,38,24,35,83,78,79,82,0,44,56,57,37,35,54,29,87,85,0,43,22,58,59,35,51,55,84,86,0,41,40,60,61,35,48,88,56,49,0,29,34,36,27,35,57,56,88,76,0,45,36,34,55,35,46,45,57,76,0,13,46,45,55,35,48,52,43,88,0,29,23,21,34,34,76,88,91,0,55,34,42,34,43,30,72,0,21,32,32,34,76,91,75,0,55,42,48,35,75,40,74,76,0,48,48,38,55,35,81,89,77,80,0,28,62,63,35,35,82,85,87,83,0,37,59,58,44,35,80,86,84,81,0,35,61,60,28,35,81,84,55,89,0,28,60,40,62,35,83,87,29,78,0,44,58,22,56,35,80,77,51,86,0,35,63,41,61,35,79,54,85,82,0,57,43,59,37,35,54,79,89,55,0,43,57,62,40,35,79,78,77,89,0,57,56,63,62,34,29,43,78,0,22,21,56,34,52,51,77,0,23,41,63,35,52,77,78,43,0,23,63,56,21,35,73,92,90,72,1,32,21,20,32,35,93,94,96,95,0,48,47,64,48,35,97,98,100,99,3,19,15,65,52,35,99,100,102,101,3,52,65,50,53,35,101,102,104,103,3,53,50,66,67,35,103,104,106,105,3,67,66,47,48,35,107,108,110,109,3,17,32,65,52,35,109,110,112,111,3,52,65,50,53,35,111,112,114,113,3,53,50,66,67,35,113,114,116,115,3,67,66,47,48,34,53,41,62,2,42,49,48,35,117,118,120,119,3,17,32,65,52,35,119,120,122,121,3,52,65,50,53,35,121,122,124,123,3,53,50,66,67,35,123,124,126,125,3,67,66,68,51,35,67,66,127,128,3,20,17,17,32,35,24,25,147,148,2,20,17,19,15,35,145,146,148,147,2,51,14,15,19,35,143,144,146,145,2,13,14,14,51,35,141,142,144,143,2,8,5,14,13,35,122,120,114,112,3,50,65,66,50,35,102,112,110,104,3,50,50,65,66,35,124,67,128,126,3,66,20,32,68,35,125,127,66,123,3,51,17,17,67,34,121,123,66,3,53,67,17,35,113,119,121,111,3,67,52,53,53,35,103,109,111,101,3,67,52,53,53,35,99,62,93,97,3,52,48,48,19,35,93,62,60,94,3,48,48,47,47,35,98,94,60,100,3,15,47,47,65,34,102,100,60,3,50,65,47,35,104,110,108,106,3,66,65,32,47,35,105,107,109,103,3,48,17,52,67,35,114,120,118,116,3,66,65,32,47,35,115,117,119,113,3,48,17,52,67,35,117,115,133,135,0,17,48,51,19,35,116,118,136,134,0,47,32,15,68,35,107,105,129,131,0,17,48,51,19,35,106,108,132,130,0,47,32,15,68,35,118,117,135,136,0,32,17,19,15,35,115,116,134,133,0,48,47,68,51,35,108,107,131,132,0,32,17,19,15,35,105,106,130,129,0,48,47,68,51,35,98,97,129,130,0,15,19,51,68,35,132,131,133,134,0,15,19,51,68,35,126,136,135,125,0,68,15,19,51,35,128,127,137,138,0,32,17,17,29,34,128,138,126,0,32,29,68,34,136,126,138,0,15,68,29,34,136,138,134,0,15,29,68,35,134,138,96,132,0,68,29,64,15,34,132,96,130,0,15,64,68,34,130,96,98,0,68,64,15,34,96,94,98,0,64,47,15,34,93,95,97,0,48,48,19,34,97,95,129,0,19,48,51,34,131,129,95,0,19,51,48,35,131,95,137,133,0,19,48,17,51,34,127,125,137,0,17,51,17,34,135,137,125,0,19,17,51,34,133,137,135,0,51,17,19,35,71,70,96,138,1,34,54,64,29,34,138,137,139,1,29,17,23,35,138,139,92,71,1,29,23,21,34,34,71,92,73,1,34,21,32,34,96,140,95,1,64,24,48,35,96,70,91,140,1,64,54,42,24,34,75,91,70,1,48,42,54,35,95,140,139,137,1,48,24,23,17,35,139,140,91,92,1,23,24,42,21,34,91,90,92,1,42,20,21,35,61,148,102,60,2,47,15,50,47,34,61,24,148,2,47,20,15,34,25,53,147,2,17,42,19,35,53,62,101,147,2,42,48,53,19,34,101,111,147,2,53,53,19,35,121,145,147,111,2,53,51,19,53,34,121,66,145,2,53,17,51,35,145,66,141,143,2,51,17,8,13,35,150,149,69,65,2,8,34,32,5,34,69,149,151,2,32,34,33,35,19,20,150,65,2,15,17,8,5,34,124,122,152,3,66,50,69,34,67,124,152,3,20,66,69,34,146,152,122,2,14,69,50,34,67,153,66,2,20,29,17,35,66,153,142,141,2,17,29,5,8,35,142,153,146,144,2,5,29,14,14,35,68,152,146,64,2,38,69,14,51,35,68,151,67,152,2,38,33,20,69,35,149,64,146,153,2,34,51,14,29,35,149,153,67,151,2,34,29,20,33],
			"uvs"      : [],