	{

		"metadata": {
			"formatVersion" : 3.1,
			"generatedBy"   : "Blender 2.7 Exporter",
			"vertices"      : 284,
			"faces"         : 338,
			"normals"       : 70,
			"colors"        : 0,
			"uvs"           : [],
			"materials"     : 6,
			"morphTargets"  : 0,
			"bones"         : 0
		},

			"scale" : 1.000000,
			
			"vertices" : [1.5,6.5,1.49012e-08,-1,5.5,0.4,0.5,5.5,0.4,2,0.5,0.2,-1.5,6.5,1.49012e-08,1.5,0.5,4.47035e-08,1.5,0.5,0.2,-0.5,5.5,0.4,0.5,5.5,0.8,1.5,6,0.8,-1.5,6.5,1.2,-1.5,6,1.2,1.5,6.5,1.2,0.5,6.5,0.2,0.5,6.5,0.4,1,6.5,0.4,1,6.5,1.2,-1.5,6.5,0.2,1.5,6.5,0.2,1.5,0.5,0.8,-1.5,0.500001,0.199999,-1,6,3.8,-1,6,3.6,-1.5,6,3.6,1,5.5,0.8,1,6.5,0.2,-0.5,6.5,0.4,-0.5,6.5,0.2,-1,6.5,0.2,1,5.5,0.4,-1,6.5,0.4,-1,6.5,1.2,1.5,6,1.2,-1,6,1.2,1.5,6,3.6,1,6,3.6,1,6,3.8,1.5,6,3.8,-1.5,6,3.8,-1,5.5,0.8,-0.5,5.5,0.8,2,0.5,4.47035e-08,1,6,1.2,1,6,0.8,-1,6,0.8,-1.5,6,0.8,-1.5,5.5,0.8,-1,5.5,1.4,-1.5,5.5,1.4,-1.5,0.500001,1.4,-1.5,0.790291,1.73471,-1.5,1.26384,2.12334,-1.5,1.80412,2.41212,-1.5,2.39034,2.58995,-1.5,3,2.65,-1.5,3.60966,2.58995,-1.5,4.19588,2.41212,-1.5,4.73616,2.12334,-1.5,5.20971,1.73471,-1,0.500001,1.4,-1,0.790291,1.73471,-1,1.26384,2.12334,-1,1.80412,2.41212,-1,2.39034,2.58995,-1,3,2.65,-1,3.60966,2.58995,-1,4.19588,2.41212,-1,4.73616,2.12334,-1,5.20971,1.73471,-1.5,0.500001,0.799999,-1,0.500001,0.799999,-2,0.500001,0.199999,-2,0.500001,-6.70552e-07,-1.5,0.500001,-6.70552e-07,1.5,-6.5,1.49012e-08,-1,-5.5,0.4,0.5,-5.5,0.4,2,-0.5,0.2,-1.5,-6.5,1.49012e-08,1.5,-0.5,4.47035e-08,1.5,-0.5,0.2,-0.5,-5.5,0.4,0.5,-5.5,0.8,1.5,-6,0.8,-1.5,-6.5,1.2,-1.5,-6,1.2,1.5,-6.5,1.2,0.5,-6.5,0.2,0.5,-6.5,0.4,1,-6.5,0.4,1,-6.5,1.2,-1.5,-6.5,0.2,1.5,-6.5,0.2,1.5,-0.5,0.8,-1.5,-0.500001,0.199999,-1,-6,3.8,-1,-6,3.6,-1.5,-6,3.6,1,-5.5,0.8,1,-6.5,0.2,-0.5,-6.5,0.4,-0.5,-6.5,0.2,-1,-6.5,0.2,1,-5.5,0.4,-1,-6.5,0.4,-1,-6.5,1.2,1.5,-6,1.2,-1,-6,1.2,1.5,-6,3.6,1,-6,3.6,1,-6,3.8,1.5,-6,3.8,-1.5,-6,3.8,1,-6.5,3.8,1.5,-6.5,3.8,-1,-6.5,3.8,-1.5,-6.5,3.8,-1,-5.5,0.8,-0.5,-5.5,0.8,2,-0.5,4.47035e-08,1,-6,1.2,1,-6,0.8,-1,-6,0.8,-1.5,-6,0.8,-1.5,-5.5,0.8,-1,-5.5,1.4,-1.5,-5.5,1.4,-1.5,-0.500001,1.4,-1.5,-0.790291,1.73471,-1.5,-1.26384,2.12334,-1.5,-1.80412,2.41212,-1.5,-2.39034,2.58995,-1.5,-3,2.65,-1.5,-3.60966,2.58995,-1.5,-4.19588,2.41212,-1.5,-4.73616,2.12334,-1.5,-5.20971,1.73471,-1,-0.500001,1.4,-1,-0.790291,1.73471,-1,-1.26384,2.12334,-1,-1.80412,2.41212,-1,-2.39034,2.58995,-1,-3,2.65,-1,-3.60966,2.58995,-1,-4.19588,2.41212,-1,-4.73616,2.12334,-1,-5.20971,1.73471,-1.5,-0.500001,0.799999,-1,-0.500001,0.799999,-2,-0.500001,0.199999,-2,-0.500001,-6.70552e-07,-1.5,-0.500001,-6.70552e-07,1,-6.5,5,1.5,-6.5,5,-1,-6.5,5,-1.5,-6.5,5,1,-5.5,5,1.5,-5.5,5,-1,-5.5,5,-1.5,-5.5,5,1,-5.5,4.4,1.5,-5.5,4.4,-1,-5.5,4.4,-1.5,-5.5,4.4,1,-5,4.4,1.5,-5,4.4,-1,-5,4.4,-1.5,-5,4.4,1,-5,5,1.5,-5,5,-1,-5,5,-1.5,-5,5,1,-4,5,1.5,-4,5,-1,-4,5,-1.5,-4,5,1,-4,4.4,1.5,-4,4.4,-1,-4,4.4,-1.5,-4,4.4,1,-3.5,4.4,1.5,-3.5,4.4,-1,-3.5,4.4,-1.5,-3.5,4.4,1,-3.5,5,1.5,-3.5,5,-1,-3.5,5,-1.5,-3.5,5,1,-2.5,5,1.5,-2.5,5,1,-2.5,4.4,1.5,-2.5,4.4,1,-2,4.4,1.5,-2,4.4,1,-2,5,1.5,-2,5,1,-1,5,1.5,-1,5,-1,-3,5,-1.5,-3,5,1,-1,4.4,1.5,-1,4.4,-1,-3,3.8,-1.5,-3,3.8,1,-0.5,4.4,1.5,-0.5,4.4,1,-0.5,5,1.5,-0.5,5,1,0.5,5,1.5,0.5,5,1,0.5,4.4,1.5,0.5,4.4,1,1,4.4,1.5,1,4.4,-1,0,3.8,-1.5,0,3.8,1,1,5,1.5,1,5,-1,0,5,-1.5,0,5,1,2,5,1.5,2,5,-1,2,5,-1.5,2,5,1,2,4.4,1.5,2,4.4,-1,2,4.4,-1.5,2,4.4,1,2.5,4.4,1.5,2.5,4.4,-1,2.5,4.4,-1.5,2.5,4.4,1,2.5,5,1.5,2.5,5,-1,2.5,5,-1.5,2.5,5,1,3.5,5,1.5,3.5,5,-1,3.5,5,-1.5,3.5,5,1,3.5,4.4,1.5,3.5,4.4,-1,3.5,4.4,-1.5,3.5,4.4,1,4,4.4,1.5,4,4.4,-1,4,4.4,-1.5,4,4.4,1,4,5,1.5,4,5,-1,4,5,-1.5,4,5,1,5,5,1.5,5,5,-1,5,5,-1.5,5,5,1,5,4.4,1.5,5,4.4,-1,5,4.4,-1.5,5,4.4,1,5.5,4.4,1.5,5.5,4.4,-1,5.5,4.4,-1.5,5.5,4.4,1,5.5,5,1.5,5.5,5,-1,5.5,5,-1.5,5.5,5,1,6.5,5,1.5,6.5,5,-1,6.5,5,-1.5,6.5,5,1,6.5,3.8,1.5,6.5,3.8,-1,6.5,3.8,-1.5,6.5,3.8,-1,0.5,5,-1.5,0.5,5,-1,0.5,4.4,-1.5,0.5,4.4,-1,1,4.4,-1.5,1,4.4,-1,1,5,-1.5,1,5],
			"faces"    : [35,24,43,15,29,2,0,1,2,3,35,11,23,22,33,3,0,4,5,6,35,10,11,33,31,2,3,0,6,7,34,2,14,13,1,0,3,2,35,27,28,30,26,1,8,9,8,7,35,14,15,25,13,1,3,2,9,2,35,10,30,28,17,2,3,8,9,4,34,30,10,31,2,8,3,7,34,16,12,15,2,3,7,2,35,18,25,15,12,2,10,9,2,7,34,28,4,17,0,9,11,4,34,6,19,3,3,10,12,13,35,18,12,32,9,2,10,7,6,14,35,32,42,35,34,3,6,0,15,10,35,42,16,15,43,2,0,3,2,1,35,35,22,21,36,2,15,5,10,4,35,247,243,242,246,5,16,0,6,17,34,113,152,156,4,18,19,3,35,23,38,21,22,2,4,20,10,5,35,34,35,36,37,2,10,15,4,21,35,71,20,73,72,3,22,4,23,11,34,71,69,20,3,22,24,4,35,6,3,41,5,3,10,13,25,26,35,30,1,7,26,1,8,7,6,7,35,1,39,40,7,1,7,27,7,6,35,2,8,24,29,1,0,3,0,3,35,14,2,29,15,1,3,0,3,2,35,16,42,32,12,2,3,0,6,7,35,0,18,6,5,0,25,10,10,26,35,1,30,44,39,2,7,8,14,27,35,31,33,44,30,2,7,6,14,8,35,17,45,11,10,2,4,28,0,3,34,26,7,27,1,7,6,8,35,47,48,46,39,3,29,30,16,27,35,11,45,46,48,3,0,28,16,30,35,33,47,39,44,3,6,29,27,14,35,47,68,58,48,3,29,31,32,30,35,57,58,68,67,3,33,32,31,34,35,56,57,67,66,3,35,33,34,36,35,55,56,66,65,3,37,35,36,38,35,54,55,65,64,3,39,37,38,40,35,53,54,64,63,3,41,39,40,42,35,52,53,63,62,3,43,41,42,44,35,51,52,62,61,3,45,43,44,46,35,50,51,61,60,3,47,45,46,48,35,50,60,59,49,3,47,48,49,50,35,33,22,68,47,3,6,5,31,29,35,59,70,69,49,3,49,51,24,50,35,73,20,17,4,0,23,4,4,11,35,18,9,19,6,2,10,14,12,10,34,40,39,70,1,7,27,51,35,39,46,69,70,2,27,16,24,51,35,69,46,17,20,2,24,16,4,4,34,45,17,46,2,28,4,16,34,68,22,67,3,31,5,34,34,66,67,22,3,36,34,5,34,65,66,22,3,38,36,5,34,64,65,22,3,40,38,5,35,23,11,48,58,3,4,0,30,32,34,58,57,23,3,32,33,4,34,56,23,57,3,35,4,33,34,55,23,56,3,37,4,35,34,54,23,55,3,39,4,37,34,4,28,27,0,11,9,8,35,0,4,27,13,0,25,11,8,2,34,18,0,25,0,10,25,9,34,25,0,13,0,9,25,2,35,98,103,89,121,2,16,19,52,1,35,85,107,96,97,3,16,17,53,54,35,84,105,107,85,2,19,55,17,16,34,76,87,88,1,16,52,19,35,101,100,104,102,1,56,55,56,57,35,88,87,99,89,1,19,52,57,52,35,84,91,102,104,2,19,54,57,56,34,104,105,84,2,56,55,19,34,90,89,86,2,19,52,55,35,92,86,89,99,2,58,55,52,57,34,102,91,78,0,57,54,18,34,80,77,93,3,58,59,60,35,92,83,106,86,2,58,14,17,55,35,106,108,109,120,3,17,58,61,16,35,120,121,89,90,2,16,1,52,19,35,109,110,95,96,2,61,54,58,53,35,110,111,114,113,4,54,62,63,18,35,112,95,115,116,5,64,58,63,18,35,97,96,95,112,2,54,53,58,64,35,108,111,110,109,2,58,62,54,61,35,149,150,151,94,3,65,18,66,54,34,149,94,147,3,65,54,67,35,80,79,119,77,3,58,68,63,59,35,104,100,81,75,1,56,55,17,55,35,75,81,118,117,1,55,17,55,27,35,76,103,98,82,1,16,19,16,19,35,88,89,103,76,1,19,52,19,16,35,90,86,106,120,2,19,55,17,16,35,80,92,74,79,0,58,58,63,68,35,75,117,122,104,2,55,27,14,56,35,105,104,122,107,2,55,56,14,17,35,91,84,85,123,2,54,19,16,28,34,100,101,81,1,55,56,17,35,125,117,124,126,3,49,27,0,50,35,85,126,124,123,3,16,50,0,28,35,107,122,117,125,3,17,14,27,49,35,125,126,136,146,3,49,50,47,48,35,135,145,146,136,3,45,46,48,47,35,134,144,145,135,3,43,44,46,45,35,133,143,144,134,3,41,42,44,43,35,132,142,143,133,3,39,40,42,41,35,131,141,142,132,3,37,38,40,39,35,130,140,141,131,3,35,36,38,37,35,129,139,140,130,3,33,34,36,35,35,128,138,139,129,3,32,31,34,33,35,128,127,137,138,3,32,30,29,31,35,107,125,146,96,3,17,49,48,53,35,137,127,147,148,3,29,30,67,69,35,151,78,91,94,0,66,18,54,54,35,92,80,93,83,2,58,58,60,14,34,118,148,117,1,55,69,27,35,117,148,147,124,2,27,69,67,0,35,147,94,91,124,2,67,54,54,0,34,123,124,91,2,28,0,54,34,146,145,96,3,48,46,53,34,144,96,145,3,44,53,46,34,143,96,144,3,42,53,44,34,142,96,143,3,40,53,42,35,97,136,126,85,3,54,47,50,16,34,136,97,135,3,47,54,45,34,134,135,97,3,43,45,54,34,133,134,97,3,41,43,54,34,132,133,97,3,39,41,54,34,78,101,102,0,18,56,57,35,101,78,74,87,0,56,18,63,52,34,99,74,92,0,57,63,58,34,87,74,99,0,52,63,57,35,41,119,79,5,3,25,63,68,26,35,19,93,77,3,3,12,60,59,13,35,3,77,119,41,3,13,59,63,25,35,72,73,151,150,3,11,23,66,18,35,69,71,149,147,3,24,22,65,67,35,71,72,150,149,3,22,11,18,65,35,40,70,148,118,1,7,51,69,55,35,7,81,101,27,1,6,17,56,8,35,40,118,81,7,1,7,55,17,6,35,2,13,87,76,1,0,2,52,16,35,27,101,87,13,0,8,56,52,2,35,8,82,98,24,1,3,19,16,0,35,2,76,82,8,1,0,16,19,3,35,79,151,73,5,0,68,66,23,26,35,74,78,151,79,