	{

		"metadata": {
			"formatVersion" : 3.1,
			"generatedBy"   : "Blender 2.7 Exporter",
			"vertices"      : 141,
			"faces"         : 174,
			"normals"       : 68,
			"colors"        : 0,
			"uvs"           : [],
			"materials"     : 4,
			"morphTargets"  : 0,
			"bones"         : 0
		},

			"scale" : 1.000000,
			
			"vertices" : [-0.5,7,0.6,-1.5,6.5,1.2,-1.5,6.5,0.6,0.5,7,0.6,0.5,7.5,0.6,0.5,7.5,1.2,1.5,6.5,1.2,1.5,6.5,0.6,1,6.5,0.6,1,6.5,1.2,1.5,6,1.2,-0.5,7.5,1.2,-0.5,7.5,0.6,-1,6.5,1.2,-1,6.5,0.6,1,6.5,0.4,-1,6.5,0.4,1,5.5,0.4,-1,5.5,0.4,1,5.5,0.8,0.5,5.5,0.8,1,6,0.6,1,6,0.8,1,6,1.2,-0.5,5.5,0.8,-1,5.5,0.8,-1,6,0.6,-1,6,0.8,-1,6,1.2,1.5,6.5,3.8,1,6,1.4,-0.9,6.9,0.8,0.9,6.9,0.8,-0.9,6,0.8,0.9,6.9,1.4,-0.9,6.9,1.4,0.9,6,0.8,0.45858,7.4,1.4,-0.45858,7.4,1.4,1.4,6.45858,1.4,0.9,6,1.4,-0.9,6,1.4,-1.4,6.45858,1.4,1.5,6,3.8,1.4,6.1,1.4,1.4,6.45858,3.7,1.4,6.1,3.7,-1.5,6,1.2,-1.4,6,3.7,-1.4,6.45858,3.7,-1.4,6,1.4,-1.5,6.5,3.8,-1.5,6,3.8,-1,6,1.4,0.5,7.5,3.8,-0.5,7.5,3.8,-0.45858,7.4,3.7,0.45858,7.4,3.7,0.5,6,0.8,-0.5,6,0.8,-1,0,0.8,-0.5,6,1.4,-0.5,0,0.8,0.5,6,1.4,0.5,0,0.8,1,0,0.8,-1,0,1.4,-0.5,0,1.4,0.5,0,1.4,1,0,1.4,0.5,6,3.4,0.5,0,3.4,1,6,3.4,1,0,3.4,0.9,6.1,1.4,0.9,6,3.4,0.9,6.1,3.7,-1.35858,6.5,3.8,1.35858,6.5,3.8,0.5,7.35858,3.8,-1.35858,6.5,4.4,-0.5,7.35858,4.4,0.5,7.35858,4.4,1.35858,6.5,4.4,-0.5,7.5,4.4,0.5,7.5,4.4,-1.5,6.5,4.4,1.5,6.5,4.4,0.9,6,3.7,-0.5,7.35858,3.8,1,6,3.6,0.9,6,3.6,1,0,3.6,-1,6,3.2,-0.5,6,3.2,-1,6,3.4,-0.5,6,3.4,-1,5.5,3.2,-0.5,5.5,3.2,-1,5.5,2,-0.5,5.5,2,-1,5,1.4,-0.5,5,1.4,-1,4.5,2,-0.5,4.5,2,-1,4.5,2.6,-0.5,4.5,2.6,-1,3.5,2.6,-0.5,3.5,2.6,-1,3.5,2,-0.5,3.5,2,-1,3,1.4,-0.5,3,1.4,-1,2.5,2,-0.5,2.5,2,-1,2.5,2.6,-0.5,2.5,2.6,-1,1.5,2.6,-0.5,1.5,2.6,-1,1.5,2,-0.5,1.5,2,-1,1,1.4,-0.5,1,1.4,-1,0.5,2,-0.5,0.5,2,-1,0.5,3.2,-0.5,0.5,3.2,-1,0,3.2,-0.5,0,3.2,-1,4.5,3.2,-0.5,4.5,3.2,-1,3.5,3.2,-0.5,3.5,3.2,-1,2.5,3.2,-0.5,2.5,3.2,-1,1.5,3.2,-0.5,1.5,3.2,-1,0,3.4,-0.5,0,3.4,-1,0,3.6,-1,6,3.6],
			"faces"    : [35,7,4,5,6,0,0,1,2,3,35,8,7,6,9,0,4,0,3,5,35,2,14,13,1,0,6,7,8,9,35,12,2,1,11,0,10,6,9,11,35,3,4,7,8,0,12,1,0,4,35,3,0,12,4,1,12,12,10,1,35,4,12,11,5,1,1,10,11,2,35,12,0,14,2,0,10,12,7,6,35,0,3,8,14,0,12,12,4,7,35,8,15,16,14,1,4,13,14,7,35,15,17,18,16,1,13,5,8,14,35,9,6,10,23,0,5,3,5,15,35,19,17,21,22,1,15,5,16,16,35,8,21,17,15,1,4,16,5,13,34,21,8,22,0,16,4,16,35,9,23,22,8,0,5,15,16,4,34,20,17,19,1,17,5,15,34,27,14,26,0,18,7,18,35,13,14,27,28,0,8,7,18,19,35,14,16,18,26,1,7,14,8,18,35,26,18,25,27,1,18,8,19,18,34,18,24,25,1,8,20,19,35,18,17,20,24,1,8,5,17,20,34,22,23,19,2,16,15,15,35,6,29,43,10,0,3,21,22,5,34,32,58,36,0,23,24,25,35,20,58,59,24,1,17,24,26,20,35,49,48,50,42,0,27,28,29,30,35,32,34,35,31,0,23,31,32,22,35,10,43,30,23,0,5,22,20,15,35,72,73,69,30,0,20,20,20,20,35,73,71,68,69,0,20,33,17,20,35,38,56,49,42,0,34,35,27,30,34,39,74,44,0,36,37,25,34,31,33,59,0,22,38,26,35,11,1,51,55,0,11,9,39,40,35,28,53,50,47,0,19,41,29,8,35,48,52,47,50,0,28,23,8,29,35,5,54,29,6,0,2,42,21,3,35,39,45,57,37,0,36,43,44,45,35,52,51,1,47,0,23,39,9,8,35,13,28,47,1,0,8,19,8,9,35,11,55,54,5,0,11,40,42,2,34,38,42,35,0,34,30,32,34,37,34,39,0,45,31,36,34,34,37,38,0,31,45,34,35,31,59,58,32,0,22,26,24,23,34,53,42,50,0,41,30,29,34,35,34,38,0,32,31,34,34,59,61,24,2,26,46,20,34,20,63,58,2,17,47,24,35,31,35,41,33,0,22,32,48,38,34,74,39,34,0,37,36,31,35,42,53,41,35,0,30,41,48,32,35,40,36,58,63,2,47,25,24,47,35,65,69,68,64,2,5,20,17,8,35,62,67,66,60,2,5,20,17,8,35,33,41,61,59,2,38,48,46,26,34,23,30,19,2,15,20,15,35,24,62,60,25,2,20,5,8,19,34,27,25,28,2,18,19,19,34,28,25,53,2,19,19,41,35,19,65,64,20,2,15,5,8,17,35,63,20,64,68,2,47,17,8,17,35,19,30,69,65,2,15,20,20,5,35,37,57,56,38,0,45,44,35,34,35,74,34,32,36,0,37,31,23,25,34,53,93,41,3,41,47,48,35,61,41,93,94,3,46,48,47,46,35,91,90,43,88,0,41,29,22,33,34,72,43,90,0,20,22,29,35,63,68,71,70,0,47,17,33,49,35,63,70,75,40,0,47,49,47,47,35,44,46,45,39,0,25,14,43,36,34,36,40,74,0,25,47,37,35,46,44,74,76,0,14,25,37,50,35,83,82,79,78,0,45,36,51,52,35,54,85,87,29,0,42,53,54,21,35,51,86,84,55,0,39,55,56,40,35,48,49,56,88,0,28,27,35,33,35,57,76,88,56,0,44,50,33,35,35,46,76,57,45,0,14,50,44,43,35,48,88,43,52,0,28,33,22,23,34,76,91,88,0,50,41,33,34,43,72,30,0,22,20,20,34,76,75,91,0,50,47,41,35,75,76,74,40,0,47,50,37,47,35,81,80,77,89,0,30,34,57,58,35,82,83,87,85,0,36,45,54,53,35,80,81,84,86,0,34,30,56,55,35,81,89,55,84,0,30,58,40,56,35,83,78,29,87,0,45,52,21,54,35,80,86,51,77,0,34,55,39,57,35,79,82,85,54,0,51,36,53,42,35,54,55,89,79,0,42,40,58,51,35,79,89,77,78,0,51,58,57,52,34,29,78,43,0,21,52,22,34,52,77,51,0,23,57,39,35,52,43,78,77,0,23,22,52,57,35,73,72,90,92,1,20,20,29,22,35,93,95,96,94,0,47,47,59,46,35,24,112,122,62,2,20,60,60,5,35,97,99,100,98,3,19,61,62,15,35,99,101,102,100,3,61,63,60,62,35,101,103,104,102,3,63,64,65,60,35,103,105,106,104,3,64,47,46,65,34,102,112,24,2,60,60,20,35,107,109,110,108,3,17,61,62,20,35,109,111,112,110,3,61,63,60,62,35,111,113,114,112,3,63,64,65,60,35,113,115,116,114,3,64,47,46,65,34,24,61,102,2,20,46,60,35,117,119,120,118,3,17,61,62,20,35,119,121,122,120,3,61,63,60,62,35,121,123,124,122,3,63,64,65,60,35,123,125,126,124,3,64,66,67,65,35,67,128,127,66,3,20,20,17,17,34,62,122,67,2,5,60,20,34,66,121,60,2,17,63,8,35,60,121,111,25,2,8,63,63,19,34,101,53,25,2,63,41,19,34,25,111,101,2,19,63,63,35,122,112,114,120,3,60,60,65,62,35,102,104,110,112,3,60,65,62,60,35,124,126,128,67,3,65,67,20,20,34,122,124,67,3,60,65,20,35,125,123,66,127,3,66,64,17,17,34,121,66,123,3,63,17,64,35,113,111,121,119,3,64,63,63,61,35,103,101,111,109,3,64,63,63,61,35,61,94,98,100,3,46,46,15,62,34,100,102,61,3,62,60,46,35,93,53,99,97,3,47,41,61,19,34,101,99,53,3,63,61,41,35,104,106,108,110,3,65,46,20,62,35,105,103,109,107,3,47,64,61,17,35,114,116,118,120,3,65,46,20,62,35,115,113,119,117,3,47,64,61,17,35,117,135,133,115,0,17,19,66,47,35,116,134,136,118,0,46,67,15,20,35,107,131,129,105,0,17,19,66,47,35,106,130,132,108,0,46,67,15,20,35,118,136,135,117,0,20,15,19,17,35,115,133,134,116,0,47,66,67,46,35,108,132,131,107,0,20,15,19,17,35,105,129,130,106,0,47,66,67,46,35,98,130,129,97,0,15,67,66,19,35,132,134,133,131,0,15,67,66,19,35,126,125,135,136,0,67,66,19,15,35,128,138,137,127,0,20,28,17,17,34,128,126,138,0,20,67,28,34,136,138,126,0,15,28,67,34,136,134,138,0,15,67,28,35,134,132,96,138,0,67,15,59,28,34,132,130,96,0,15,67,59,34,130,98,96,0,67,15,59,34,96,98,94,0,59,15,46,34,93,97,95,0,47,19,47,34,97,129,95,0,19,66,47,34,131,95,129,0,19,47,66,35,131,133,137,95,0,19,66,17,47,34,127,137,125,0,17,17,66,34,135,125,137,0,19,66,17,34,133,135,137,0,66,19,17,35,71,138,96,70,1,33,28,59,49,34,138,139,137,1,28,23,17,35,138,71,92,139,1,28,33,22,23,34,71,73,92,1,33,20,22,34,96,95,140,1,59,47,25,35,96,140,91,70,1,59,25,41,49,34,75,70,91,1,47,49,41,35,95,137,139,140,1,47,17,23,25,35,139,92,91,140,1,23,22,41,25,34,91,92,90,1,41,22,29],
			"uvs"      : [],