	{

		"metadata": {
			"formatVersion" : 3.1,
			"generatedBy"   : "Blender 2.7 Exporter",
			"vertices"      : 141,
			"faces"         : 174,
			"normals"       : 68,
			"colors"        : 0,
			"uvs"           : [],
			"materials"     : 4,
			"morphTargets"  : 0,
			"bones"         : 0
		},

			"scale" : 1.000000,
			
			"vertices" : [-0.5,-7,0.6,-1.5,-6.5,1.2,-1.5,-6.5,0.6,0.5,-7,0.6,0.5,-7.5,0.6,0.5,-7.5,1.2,1.5,-6.5,1.2,1.5,-6.5,0.6,1,-6.5,0.6,1,-6.5,1.2,1.5,-6,1.2,-0.5,-7.5,1.2,-0.5,-7.5,0.6,-1,-6.5,1.2,-1,-6.5,0.6,1,-6.5,0.4,-1,-6.5,0.4,1,-5.5,0.4,-1,-5.5,0.4,1,-5.5,0.8,0.5,-5.5,0.8,1,-6,0.6,1,-6,0.8,1,-6,1.2,-0.5,-5.5,0.8,-1,-5.5,0.8,-1,-6,0.6,-1,-6,0.8,-1,-6,1.2,1.5,-6.5,3.8,1,-6,1.4,-0.9,-6.9,0.8,0.9,-6.9,0.8,-0.9,-6,0.8,0.9,-6.9,1.4,-0.9,-6.9,1.4,0.9,-6,0.8,0.45858,-7.4,1.4,-0.45858,-7.4,1.4,1.4,-6.45858,1.4,0.9,-6,1.4,-0.9,-6,1.4,-1.4,-6.45858,1.4,1.5,-6,3.8,1.4,-6.1,1.4,1.4,-6.45858,3.7,1.4,-6.1,3.7,-1.5,-6,1.2,-1.4,-6,3.7,-1.4,-6.45858,3.7,-1.4,-6,1.4,-1.5,-6.5,3.8,-1.5,-6,3.8,-1,-6,1.4,0.5,-7.5,3.8,-0.5,-7.5,3.8,-0.45858,-7.4,3.7,0.45858,-7.4,3.7,0.5,-6,0.8,-0.5,-6,0.8,-1,0,0.8,-0.5,-6,1.4,-0.5,0,0.8,0.5,-6,1.4,0.5,0,0.8,1,0,0.8,-1,0,1.4,-0.5,0,1.4,0.5,0,1.4,1,0,1.4,0.5,-6,3.4,0.5,0,3.4,1,-6,3.4,1,0,3.4,0.9,-6.1,1.4,0.9,-6,3.4,0.9,-6.1,3.7,-1.35858,-6.5,3.8,1.35858,-6.5,3.8,0.5,-7.35858,3.8,-1.35858,-6.5,4.4,-0.5,-7.35858,4.4,0.5,-7.35858,4.4,1.35858,-6.5,4.4,-0.5,-7.5,4.4,0.5,-7.5,4.4,-1.5,-6.5,4.4,1.5,-6.5,4.4,0.9,-6,3.7,-0.5,-7.35858,3.8,1,-6,3.6,0.9,-6,3.6,1,0,3.6,-1,-6,3.2,-0.5,-6,3.2,-1,-6,3.4,-0.5,-6,3.4,-1,-5.5,3.2,-0.5,-5.5,3.2,-1,-5.5,2,-0.5,-5.5,2,-1,-5,1.4,-0.5,-5,1.4,-1,-4.5,2,-0.5,-4.5,2,-1,-4.5,2.6,-0.5,-4.5,2.6,-1,-3.5,2.6,-0.5,-3.5,2.6,-1,-3.5,2,-0.5,-3.5,2,-1,-3,1.4,-0.5,-3,1.4,-1,-2.5,2,-0.5,-2.5,2,-1,-2.5,2.6,-0.5,-2.5,2.6,-1,-1.5,2.6,-0.5,-1.5,2.6,-1,-1.5,2,-0.5,-1.5,2,-1,-1,1.4,-0.5,-1,1.4,-1,-0.5,2,-0.5,-0.5,2,-1,-0.5,3.2,-0.5,-0.5,3.2,-1,0,3.2,-0.5,0,3.2,-1,-4.5,3.2,-0.5,-4.5,3.2,-1,-3.5,3.2,-0.5,-3.5,3.2,-1,-2.5,3.2,-0.5,-2.5,3.2,-1,-1.5,3.2,-0.5,-1.5,3.2,-1,0,3.4,-0.5,0,3.4,-1,0,3.6,-1,-6,3.6],
			"faces"    : [35,7,6,5,4,0,0,1,2,3,35,8,9,6,7,0,4,5,1,0,35,2,1,13,14,0,6,7,8,9,35,12,11,1,2,0,10,11,7,6,35,3,8,7,4,0,12,4,0,3,35,12,0,3,4,1,10,12,12,3,35,4,5,11,12,1,3,2,11,10,35,14,0,12,2,0,9,12,10,6,35,0,14,8,3,0,12,9,4,12,35,8,14,16,15,1,4,9,13,14,35,15,16,18,17,1,14,13,8,5,35,9,23,10,6,0,5,15,5,1,35,19,22,21,17,1,15,16,16,5,35,8,15,17,21,1,4,14,5,16,34,21,22,8,0,16,16,4,35,9,8,22,23,0,5,4,16,15,34,20,19,17,1,17,15,5,34,27,26,14,0,18,18,9,35,13,28,27,14,0,8,19,18,9,35,14,26,18,16,1,9,18,8,13,35,26,27,25,18,1,18,18,19,8,34,18,25,24,1,8,19,20,35,18,24,20,17,1,8,20,17,5,34,22,19,23,2,16,15,15,35,6,10,43,29,0,1,5,21,22,34,32,36,58,0,23,24,25,35,20,24,59,58,1,17,20,26,25,35,49,42,50,48,0,27,28,29,30,35,32,31,35,34,0,23,21,31,32,35,10,23,30,43,0,5,15,20,21,35,72,30,69,73,0,20,20,20,20,35,73,69,68,71,0,20,20,17,33,35,38,42,49,56,0,34,28,27,35,34,39,44,74,0,36,24,37,34,31,59,33,0,21,26,38,35,11,55,51,1,0,11,39,40,7,35,28,47,50,53,0,19,8,29,41,35,48,50,47,52,0,30,29,8,23,35,5,6,29,54,0,2,1,22,42,35,39,37,57,45,0,36,43,44,45,35,52,47,1,51,0,23,8,7,40,35,13,1,47,28,0,8,7,8,19,35,11,5,54,55,0,11,2,42,39,34,38,35,42,0,34,31,28,34,37,39,34,0,43,36,32,34,34,38,37,0,32,34,43,35,31,32,58,59,0,21,23,25,26,34,53,50,42,0,41,29,28,34,35,38,34,0,31,34,32,34,59,24,61,2,26,20,46,34,20,58,63,2,17,25,47,35,31,33,41,35,0,21,38,48,31,34,74,34,39,0,37,32,36,35,42,35,41,53,0,28,31,48,41,35,40,63,58,36,2,47,47,25,24,35,65,64,68,69,2,5,8,17,20,35,62,60,66,67,2,5,8,17,20,35,33,59,61,41,2,38,26,46,48,34,23,19,30,2,15,15,20,35,24,25,60,62,2,20,19,8,5,34,27,28,25,2,18,19,19,34,28,53,25,2,19,41,19,35,19,20,64,65,2,15,17,8,5,35,63,68,64,20,2,47,17,8,17,35,19,65,69,30,2,15,5,20,20,35,37,38,56,57,0,43,34,35,44,35,74,36,32,34,0,37,24,23,32,34,53,41,93,3,41,48,47,35,61,94,93,41,3,46,46,47,48,35,91,88,43,90,0,41,33,21,29,34,72,90,43,0,20,29,21,35,63,70,71,68,0,47,49,33,17,35,63,40,75,70,0,47,47,47,49,35,44,39,45,46,0,24,36,45,13,34,36,74,40,0,24,37,47,35,46,76,74,44,0,13,50,37,24,35,83,78,79,82,0,43,51,52,36,35,54,29,87,85,0,42,22,53,54,35,51,55,84,86,0,40,39,55,56,35,48,88,56,49,0,30,33,35,27,35,57,56,88,76,0,44,35,33,50,35,46,45,57,76,0,13,45,44,50,35,48,52,43,88,0,30,23,21,33,34,76,88,91,0,50,33,41,34,43,30,72,0,21,20,20,34,76,91,75,0,50,41,47,35,75,40,74,76,0,47,47,37,50,35,81,89,77,80,0,28,57,58,34,35,82,85,87,83,0,36,54,53,43,35,80,86,84,81,0,34,56,55,28,35,81,84,55,89,0,28,55,39,57,35,83,87,29,78,0,43,53,22,51,35,80,77,51,86,0,34,58,40,56,35,79,54,85,82,0,52,42,54,36,35,54,79,89,55,0,42,52,57,39,35,79,78,77,89,0,52,51,58,57,34,29,43,78,0,22,21,51,34,52,51,77,0,23,40,58,35,52,77,78,43,0,23,58,51,21,35,73,92,90,72,1,20,21,29,20,35,93,94,96,95,0,47,46,59,47,35,24,62,122,112,2,20,5,60,60,35,97,98,100,99,3,19,15,61,62,35,99,100,102,101,3,62,61,60,63,35,101,102,104,103,3,63,60,64,65,35,103,104,106,105,3,65,64,46,47,34,102,24,112,2,60,20,60,35,107,108,110,109,3,17,20,61,62,35,109,110,112,111,3,62,61,60,63,35,111,112,114,113,3,63,60,64,65,35,113,114,116,115,3,65,64,46,47,34,24,102,61,2,20,60,46,35,117,118,120,119,3,17,20,61,62,35,119,120,122,121,3,62,61,60,63,35,121,122,124,123,3,63,60,64,65,35,123,124,126,125,3,65,64,66,67,35,67,66,127,128,3,20,17,17,20,34,62,67,122,2,5,20,60,34,66,60,121,2,17,8,63,35,60,25,111,121,2,8,19,63,63,34,101,25,53,2,63,19,41,34,25,101,111,2,19,63,63,35,122,120,114,112,3,60,61,64,60,35,102,112,110,104,3,60,60,61,64,35,124,67,128,126,3,64,20,20,66,34,122,67,124,3,60,20,64,35,125,127,66,123,3,67,17,17,65,34,121,123,66,3,63,65,17,35,113,119,121,111,3,65,62,63,63,35,103,109,111,101,3,65,62,63,63,35,61,100,98,94,3,46,61,15,46,34,100,61,102,3,61,46,60,35,93,97,99,53,3,47,19,62,41,34,101,53,99,3,63,41,62,35,104,110,108,106,3,64,61,20,46,35,105,107,109,103,3,47,17,62,65,35,114,120,118,116,3,64,61,20,46,35,115,117,119,113,3,47,17,62,65,35,117,115,133,135,0,17,47,67,19,35,116,118,136,134,0,46,20,15,66,35,107,105,129,131,0,17,47,67,19,35,106,108,132,130,0,46,20,15,66,35,118,117,135,136,0,20,17,19,15,35,115,116,134,133,0,47,46,66,67,35,108,107,131,132,0,20,17,19,15,35,105,106,130,129,0,47,46,66,67,35,98,97,129,130,0,15,19,67,66,35,132,131,133,134,0,15,19,67,66,35,126,136,135,125,0,66,15,19,67,35,128,127,137,138,0,20,17,17,30,34,128,138,126,0,20,30,66,34,136,126,138,0,15,66,30,34,136,138,134,0,15,30,66,35,134,138,96,132,0,66,30,59,15,34,132,96,130,0,15,59,66,34,130,96,98,0,66,59,15,34,96,94,98,0,59,46,15,34,93,95,97,0,47,47,19,34,97,95,129,0,19,47,67,34,131,129,95,0,19,67,47,35,131,95,137,133,0,19,47,17,67,34,127,125,137,0,17,67,17,34,135,137,125,0,19,17,67,34,133,137,135,0,67,17,19,35,71,70,96,138,1,33,49,59,30,34,138,137,139,1,30,17,23,35,138,139,92,71,1,30,23,21,33,34,71,92,73,1,33,21,20,34,96,140,95,1,59,24,47,35,96,70,91,140,1,59,49,41,24,34,75,91,70,1,47,41,49,35,95,140,139,137,1,47,24,23,17,35,139,140,91,92,1,23,24,41,21,34,91,90,92,1,41,29,21],
			"uvs"      : [],