	{

		"metadata": {
			"formatVersion" : 3.1,
			"generatedBy"   : "Blender 2.7 Exporter",
			"vertices"      : 64,
			"faces"         : 32,
			"normals"       : 32,
			"colors"        : 0,
			"uvs"           : [],
			"materials"     : 2,
			"morphTargets"  : 0,
			"bones"         : 0
		},

			"scale" : 1.000000,
			
			"vertices" : [-2,-2,8.6,-1.5,-2,8.6,-2,-3,7.4,-1.5,-3,7.4,-2,-2,8,-1.5,-2,8,-2,-3,6.8,-1.5,-3,6.8,-2,-2,8.6,-2,-1.5,8.6,-3,-2,7.4,-3,-1.5,7.4,-2,-2,8,-2,-1.5,8,-3,-2,6.8,-3,-1.5,6.8,-2,2,8.6,-1.5,2,8.6,-2,3,7.4,-1.5,3,7.4,-2,2,8,-1.5,2,8,-2,3,6.8,-1.5,3,6.8,-2,2,8.6,-2,1.5,8.6,-3,2,7.4,-3,1.5,7.4,-2,2,8,-2,1.5,8,-3,2,6.8,-3,1.5,6.8,2,2,8.6,1.5,2,8.6,2,3,7.4,1.5,3,7.4,2,2,8,1.5,2,8,2,3,6.8,1.5,3,6.8,2,2,8.6,2,1.5,8.6,3,2,7.4,3,1.5,7.4,2,2,8,2,1.5,8,3,2,6.8,3,1.5,6.8,2,-2,8.6,1.5,-2,8.6,2,-3,7.4,1.5,-3,7.4,2,-2,8,1.5,-2,8,2,-3,6.8,1.5,-3,6.8,2,-2,8.6,2,-1.5,8.6,3,-2,7.4,3,-1.5,7.4,2,-2,8,2,-1.5,8,3,-2,6.8,3,-1.5,6.8],
			"faces"    : [35,2,0,1,3,1,0,1,2,3,35,5,4,6,7,1,4,5,6,7,35,1,5,7,3,1,2,4,7,3,35,4,0,2,6,1,5,1,0,6,35,9,11,10,8,1,8,9,10,11,35,13,12,14,15,1,12,13,14,15,35,9,13,15,11,1,8,12,15,9,35,10,14,12,8,1,10,14,13,11,35,17,19,18,16,1,16,17,18,19,35,21,20,22,23,1,20,21,22,23,35,17,21,23,19,1,16,20,23,17,35,18,22,20,16,1,18,22,21,19,35,25,27,26,24,1,15,12,13,14,35,29,28,30,31,1,9,10,11,8,35,25,29,31,27,1,15,9,8,12,35,26,30,28,24,1,13,11,10,14,35,33,35,34,32,1,23,20,21,22,35,37,36,38,39,1,17,18,19,16,35,33,37,39,35,1,23,17,16,20,35,34,38,36,32,1,21,19,18,22,35,41,43,42,40,1,24,25,26,27,35,45,44,46,47,1,28,29,30,31,35,41,45,47,43,1,24,28,31,25,35,42,46,44,40,1,26,30,29,27,35,49,51,50,48,1,7,4,5,6,35,53,52,54,55,1,3,0,1,2,35,49,53,55,51,1,7,3,2,4,35,50,54,52,48,1,5,1,0,6,35,57,59,58,56,1,31,28,29,30,35,61,60,62,63,1,25,26,27,24,35,57,61,63,59,1,31,25,24,28,35,58,62,60,56,1,29,27,26,30],
			"uvs"      : [],
			"normals"  : [0.841517,0.414991,-0.345836,0.404462,0.702567,-0.585467,-0.404462,0.702567,-0.585467,-0.841517,0.414991,-0.345836,-0.841517,-0.414991,0.345836,0.841517,-0.414991,0.345836,0.404462,-0.702567,0.585467,-0.404462,-0.702567,0.585467,-0.702567,0.404462,0.585467,-0.414991,0.841517,0.345836,-0.414991,-0.841517,0.345836,-0.702567,-0.404462,0.585467,0.414991,0.841517,-0.345836,0.414991,-0.841517,-0.345836,0.702567,-0.404462,-0.585467,0.702567,0.404462,-0.585467,0.404462,0.702567,0.585467,0.841517,0.414991,0.345836,-0.841517,0.414991,0.345836,-0.404462,0.702567,0.585467,0.841517,-0.414991,-0.345836,-0.841517,-0.414991,-0.345836,-0.404462,-0.702567,-0.585467,0.404462,-0.702567,-0.585467,0.702567,-0.404462,0.585467,0.414991,-0.841517,0.345836,0.414991,0.841517,0.345836,0.702567,0.404462,0.585467,-0.414991,-0.841517,-0.345836,-0.414991,0.841517,-0.345836,-0.702567,0.404462,-0.585467,-0.702567,-0.404462,-0.585467],
			
			"skinIndices"  : [],
			"skinWeights"  : [],
			"morphTargets" : [],
			
			"bones"      : [],
			"animations" : [],
			
			"colors"    : [],
			"materials" : [
				{
					"DbgColor": 15658734,
					"DbgIndex": 0,
					"DbgName": "Gray",
					"blending": "NormalBlending",
					"colorAmbient": [0.4000000059604645, 0.4000000059604645, 0.4000000059604645],
					"colorDiffuse": [0.4000000059604645, 0.4000000059604645, 0.4000000059604645],
					"colorEmissive": [0.0, 0.0, 0.0],
					"colorSpecular": [0.5, 0.5, 0.5],
					"depthTest": true,
					"depthWrite": true,
					"shading": "Lambert",
					"specularCoef": 50,
					"transparency": 1.0,
					"transparent": false,
					"vertexColors": false
				},
				{
					"DbgColor": 15597568,
					"DbgIndex": 1,
					"DbgName": "Black",
					"blending": "NormalBlending",
					"colorAmbient": [0.08000000238418581, 0.08000000238418581, 0.08000000238418581],
					"colorDiffuse": [0.08000000238418581, 0.08000000238418581, 0.08000000238418581],
					"colorEmissive": [0.0, 0.0, 0.0],
					"colorSpecular": [0.5, 0.5, 0.5],
					"depthTest": true,
					"depthWrite": true,
					"shading": "Lambert",
					"specularCoef": 50,
					"transparency": 1.0,
					"transparent": false,
					"vertexColors": false
				}
			]


	}
