	{

		"metadata": {
			"formatVersion" : 3.1,
			"generatedBy"   : "Blender 2.7 Exporter",
			"vertices"      : 78,
			"faces"         : 72,
			"normals"       : 39,
			"colors"        : 0,
			"uvs"           : [],
			"materials"     : 3,
			"morphTargets"  : 0,
			"bones"         : 0
		},

			"scale" : 1.000000,
			
			"vertices" : [5.96046e-08,-1,9.4,5.96046e-08,-0.5,9.4,5.96046e-08,-1,8.8,5.96046e-08,-0.5,8.8,-1,-1,9.4,0.999999,-1,9.4,0.999999,-0.500002,9.4,0.5,-0.5,8.8,0.5,-1,8.8,0.5,-0.5,9.4,0.5,-1,9.4,-0.5,-0.5,9.4,-1,-1,8,-0.5,-0.5,8.2,0.999999,-1,8,0.999999,-1.90735e-06,8.2,0,0,8.2,0.999999,-1.90735e-06,8,0,0,8,1.19209e-07,-1,4.4,0,0,4.4,-1,-1,4.4,5.96046e-08,-1,8,-0.5,-0.5,-7,-0.5,-0.5,4.2,-1,-1,-7,-1,-1,4.2,-0.5,-1,4.2,-0.5,-1,-7,0.5,-1,-7,0.5,-0.5,-7,0.5,-1,4.2,0.5,-0.5,4.2,0.999999,-1,4.2,0.999999,-1,-7,5.96046e-08,-0.5,6.8,0,0,6.8,5.96046e-08,-0.5,7.4,0,0,7.4,0.999999,-1.90735e-06,7.4,0.999999,-0.500002,7.4,0.999999,-1.90735e-06,6.8,0.999999,-0.500002,6.8,-1,4.76837e-07,4.4,1,-1,4.4,-1,0,8,-1,1,4.2,0,1,8.2,-1,1,-7,-1,0.5,-7,-1,0.5,4.2,0.999999,0.999998,-7,0.999999,0.999999,4.4,-1,0.5,8.8,-0.5,0.5,8.8,-0.5,0.5,9.4,0,1,8,-0.5,1,8.2,-1,1,8,-0.5,1,6.8,-0.5,1,7.4,-0.5,0,7.4,-1,1,4.4,-1,-0.5,-7,-1,1,9.4,-0.5,0,6.8,-0.5,0.5,4.2,-0.5,0.5,-7,-1,-0.5,4.2,0,1,7.4,0,1,6.8,-0.5,0,8.8,-1,0,8.8,-1,0,9.4,-0.5,0,9.4,0.999999,-0.500002,8.2,-1,0.5,9.4,-0.5,1,9.4],
			"faces"    : [35,27,19,21,26,1,0,1,2,2,35,24,32,31,27,1,3,4,5,0,35,0,2,3,1,1,6,1,7,8,35,7,8,10,9,1,9,10,11,12,35,10,5,6,9,1,11,13,14,12,35,3,2,8,7,1,7,1,10,9,35,15,16,13,75,1,14,15,8,14,35,2,0,4,12,1,1,6,11,2,35,71,72,73,74,1,16,17,12,8,35,66,50,49,67,2,4,18,4,19,35,8,14,5,10,1,10,20,13,11,35,3,13,11,1,1,7,8,15,8,35,16,15,17,18,1,15,14,21,22,34,22,14,8,1,0,20,10,35,4,0,1,11,1,11,6,8,15,35,22,37,38,18,2,0,23,8,22,35,28,27,26,25,2,24,0,2,4,35,23,24,27,28,2,25,3,0,24,35,31,32,30,29,2,5,4,19,26,35,31,29,34,33,2,5,26,20,27,35,35,42,40,37,2,28,20,13,23,35,38,39,41,36,2,8,14,21,22,35,37,40,39,38,2,23,13,14,8,35,36,41,42,35,2,22,21,20,28,35,23,30,32,24,0,25,19,4,3,35,2,12,22,8,1,1,2,0,10,35,54,53,72,71,1,23,29,17,16,35,18,17,14,22,1,22,21,20,0,35,53,45,12,72,1,29,30,2,17,35,4,73,72,12,1,11,12,17,2,35,76,64,58,53,1,11,31,32,29,35,18,56,47,16,1,22,33,34,15,35,43,62,46,50,1,17,31,35,18,35,24,66,67,23,0,3,4,19,25,35,11,74,73,4,1,15,8,12,11,35,13,16,47,57,1,8,15,34,34,35,56,18,45,58,1,33,22,30,32,34,50,68,43,1,18,30,17,35,38,61,45,18,2,8,9,30,22,35,43,45,61,65,2,17,30,9,36,35,26,21,43,68,1,2,2,17,30,35,7,9,6,75,1,9,12,14,14,35,24,23,63,68,2,3,25,37,30,35,19,31,33,44,1,1,5,27,13,35,12,45,43,21,2,2,30,17,2,35,37,22,19,35,2,23,0,1,28,34,27,31,19,1,0,5,1,35,57,77,55,54,1,34,34,6,23,35,52,20,19,44,1,38,15,1,13,35,66,24,68,50,1,4,3,30,18,35,36,70,69,38,2,22,33,34,8,35,13,71,74,11,1,8,16,8,15,35,35,19,20,36,2,28,1,15,22,35,12,21,19,22,2,2,2,1,0,35,55,76,53,54,1,6,11,29,23,35,7,75,13,3,1,9,14,8,7,35,77,64,76,55,1,34,31,11,6,35,57,54,71,13,1,34,23,16,8,34,53,58,45,1,29,32,30,35,25,63,23,28,2,4,37,25,24,35,50,46,48,49,2,18,35,32,4,35,20,52,62,43,1,15,38,31,17,35,20,43,65,36,2,15,17,36,22,35,70,36,65,59,2,33,22,36,32,35,51,30,23,67,0,3,19,25,19,35,26,68,63,25,2,2,30,37,4,35,38,69,60,61,2,8,34,31,9,35,61,60,59,65,2,9,31,32,36,34,48,67,49,2,32,19,4,34,29,30,34,2,26,19,20,34,67,48,51,0,19,32,3,34,51,34,30,0,3,20,19],
			"uvs"      : [],
			"normals"  : [0.301492,-0.904508,-0.301492,0.301492,-0.904508,0.301492,-0.707083,-0.707083,0,0,0,-1,-0.577349,-0.577349,-0.577349,-0.301492,-0.904508,-0.301492,0.577349,-0.577349,0.577349,0.301492,0.904508,0.301492,0.577349,0.577349,0.577349,-0.301492,0.904508,0.301492,-0.301492,-0.904508,0.301492,-0.577349,-0.577349,0.577349,-0.577349,0.577349,0.577349,0,-0.707083,0.707083,0,0.707083,0.707083,0.301492,0.301492,0.904508,0.904508,0.301492,0.301492,-0.904508,0.301492,0.301492,-0.904508,-0.301492,-0.301492,-0.301492,-0.301492,-0.904508,0,-0.707083,-0.707083,0,0.707083,-0.707083,0.577349,0.577349,-0.577349,0.904508,-0.301492,0.301492,0.577349,-0.577349,-0.577349,0,0,-0.999969,-0.577349,-0.577319,-0.577349,0,-1,0,0.904508,-0.301492,-0.301492,-0.904508,-0.301492,0.301492,-0.904508,0.301492,-0.301492,-0.707083,0,0.707083,-0.707083,0,-0.707083,0.707083,0,-0.707083,0.707083,0,0.707083,-1,0,0,-0.301492,0.904508,-0.301492,-0.577349,0.577349,-0.577349,0,0,1],
			
			"skinIndices"  : [],
			"skinWeights"  : [],
			"morphTargets" : [],
			
			"bones"      : [],
			"animations" : [],
			
			"colors"    : [],
			"materials" : [
				{
					"DbgColor": 15658734,
					"DbgIndex": 0,
					"DbgName": "Red",
					"blending": "NormalBlending",
					"colorAmbient": [0.800000011920929, 0.0, 0.0],
					"colorDiffuse": [0.800000011920929, 0.0, 0.0],
					"colorEmissive": [0.0, 0.0, 0.0],
					"colorSpecular": [0.5, 0.5, 0.5],
					"depthTest": true,
					"depthWrite": true,
					"shading": "Lambert",
					"specularCoef": 50,
					"transparency": 1.0,
					"transparent": false,
					"vertexColors": false
				},
				{
					"DbgColor": 15597568,
					"DbgIndex": 1,
					"DbgName": "Gray",
					"blending": "NormalBlending",
					"colorAmbient": [0.4000000059604645, 0.4000000059604645, 0.4000000059604645],
					"colorDiffuse": [0.4000000059604645, 0.4000000059604645, 0.4000000059604645],
					"colorEmissive": [0.0, 0.0, 0.0],
					"colorSpecular": [0.5, 0.5, 0.5],
					"depthTest": true,
					"depthWrite": true,
					"shading": "Lambert",
					"specularCoef": 50,
					"transparency": 1.0,
					"transparent": false,
					"vertexColors": false
				},
				{
					"DbgColor": 60928,
					"DbgIndex": 2,
					"DbgName": "Black",
					"blending": "NormalBlending",
					"colorAmbient": [0.08000000238418581, 0.08000000238418581, 0.08000000238418581],
					"colorDiffuse": [0.08000000238418581, 0.08000000238418581, 0.08000000238418581],
					"colorEmissive": [0.0, 0.0, 0.0],
					"colorSpecular": [0.5, 0.5, 0.5],
					"depthTest": true,
					"depthWrite": true,
					"shading": "Lambert",
					"specularCoef": 50,
					"transparency": 1.0,
					"transparent": false,
					"vertexColors": false
				}
			]


	}
