	{

		"metadata": {
			"formatVersion" : 3.1,
			"generatedBy"   : "Blender 2.7 Exporter",
			"vertices"      : 44,
			"faces"         : 24,
			"normals"       : 28,
			"colors"        : 0,
			"uvs"           : [],
			"materials"     : 2,
			"morphTargets"  : 0,
			"bones"         : 0
		},

			"scale" : 1.000000,
			
			"vertices" : [2,2,8.6,2,2,8,1.5,2,8.6,2,3,7.4,1.5,3,7.4,1.5,2,8,2,3,6.8,1.5,3,6.8,-2,2,8.6,-2,1.5,8.6,-3,2,7.4,-3,1.5,7.4,-2,2,8,-2,1.5,8,-3,2,6.8,-3,1.5,6.8,-1.5,2,8.6,-2,3,7.4,-1.5,3,7.4,-1.5,2,8,-2,3,6.8,-1.5,3,6.8,-2,-2,8.6,-2,-1.5,8.6,-3,-2,7.4,-3,-1.5,7.4,-2,-2,8,-2,-1.5,8,-3,-2,6.8,-3,-1.5,6.8,-1.5,-2,8.6,-2,-3,7.4,-1.5,-3,7.4,-1.5,-2,8,-2,-3,6.8,-1.5,-3,6.8,2,-2,8.6,2,-2,8,1.5,-2,8.6,2,-3,7.4,1.5,-3,7.4,1.5,-2,8,2,-3,6.8,1.5,-3,6.8],
			"faces"    : [35,3,0,1,6,1,0,1,2,3,35,2,4,7,5,1,4,5,6,7,35,5,7,6,1,1,7,6,3,2,35,9,8,10,11,1,8,9,10,11,35,13,15,14,12,1,12,13,14,15,35,9,11,15,13,1,8,11,13,12,35,10,8,12,14,1,10,9,15,14,35,33,35,34,26,1,16,17,18,19,35,16,18,17,8,1,1,0,5,9,35,16,19,21,18,1,1,2,3,0,35,17,20,12,8,1,5,6,15,9,35,23,25,24,22,1,20,10,11,21,35,27,26,28,29,1,22,19,13,14,35,23,27,29,25,1,20,22,14,10,35,24,28,26,22,1,11,13,19,21,35,41,37,42,43,1,23,16,17,18,35,30,22,31,32,1,24,21,25,26,35,30,32,35,33,1,24,26,17,16,35,31,22,26,34,1,25,21,19,18,35,38,40,39,36,1,27,25,26,24,35,38,41,43,40,1,27,23,18,25,35,39,42,37,36,1,26,17,16,24,35,2,0,3,4,1,4,1,0,5,35,19,12,20,21,1,2,15,6,3],
			"uvs"      : [],
			"normals"  : [0.841517,0.414991,0.345836,0.404462,0.702567,0.585467,0.841517,-0.414991,-0.345836,0.404462,-0.702567,-0.585467,-0.404462,0.702567,0.585467,-0.841517,0.414991,0.345836,-0.404462,-0.702567,-0.585467,-0.841517,-0.414991,-0.345836,-0.702567,-0.404462,0.585467,-0.56624,0.56624,0.598926,-0.414991,0.841517,0.345836,-0.414991,-0.841517,0.345836,0.414991,-0.841517,-0.345836,0.702567,-0.404462,-0.585467,0.702567,0.404462,-0.585467,-0.464705,0.464705,-0.753685,0.841517,0.414991,-0.345836,0.404462,0.702567,-0.585467,-0.404462,0.702567,-0.585467,-0.464705,-0.464705,-0.753685,-0.702567,0.404462,0.585467,-0.56624,-0.56624,0.598926,0.414991,0.841517,-0.345836,-0.841517,0.414991,-0.345836,0.404462,-0.702567,0.585467,-0.841517,-0.414991,0.345836,0.841517,-0.414991,0.345836,-0.404462,-0.702567,0.585467],
			
			"skinIndices"  : [],
			"skinWeights"  : [],
			"morphTargets" : [],
			
			"bones"      : [],
			"animations" : [],
			
			"colors"    : [],
			"materials" : [
				{
					"DbgColor": 15658734,
					"DbgIndex": 0,
					"DbgName": "Gray",
					"blending": "NormalBlending",
					"colorAmbient": [0.4000000059604645, 0.4000000059604645, 0.4000000059604645],
					"colorDiffuse": [0.4000000059604645, 0.4000000059604645, 0.4000000059604645],
					"colorEmissive": [0.0, 0.0, 0.0],
					"colorSpecular": [0.5, 0.5, 0.5],
					"depthTest": true,
					"depthWrite": true,
					"shading": "Lambert",
					"specularCoef": 50,
					"transparency": 1.0,
					"transparent": false,
					"vertexColors": false
				},
				{
					"DbgColor": 15597568,
					"DbgIndex": 1,
					"DbgName": "Black",
					"blending": "NormalBlending",
					"colorAmbient": [0.08000000238418581, 0.08000000238418581, 0.08000000238418581],
					"colorDiffuse": [0.08000000238418581, 0.08000000238418581, 0.08000000238418581],
					"colorEmissive": [0.0, 0.0, 0.0],
					"colorSpecular": [0.5, 0.5, 0.5],
					"depthTest": true,
					"depthWrite": true,
					"shading": "Lambert",
					"specularCoef": 50,
					"transparency": 1.0,
					"transparent": false,
					"vertexColors": false
				}
			]


	}
