	{

		"metadata": {
			"formatVersion" : 3.1,
			"generatedBy"   : "Blender 2.7 Exporter",
			"vertices"      : 137,
			"faces"         : 89,
			"normals"       : 43,
			"colors"        : 0,
			"uvs"           : [],
			"materials"     : 2,
			"morphTargets"  : 0,
			"bones"         : 0
		},

			"scale" : 1.000000,
			
			"vertices" : [1.19134,0.461939,3.2,1.35355,0.353553,3.2,1.46194,0.191341,3.2,1.5,-9.53674e-07,3.2,1.46194,-0.191343,3.2,1.35355,-0.353554,3.2,1.19134,-0.461941,3.2,1,-0.500001,3.2,0.808659,-0.461941,3.2,0.646448,-0.353554,3.2,0.538061,-0.191343,3.2,0.500001,-9.53674e-07,3.2,0.538061,0.191341,3.2,0.646448,0.353552,3.2,0.808659,0.461939,3.2,1,0.499999,3.2,1,0.499999,0.6,0.808659,0.461939,0.6,0.646448,0.353552,0.6,0.538061,0.191341,0.6,0.500001,-9.53674e-07,0.6,0.538061,-0.191343,0.6,0.646448,-0.353554,0.6,0.808659,-0.461941,0.6,1,-0.500001,0.6,1.19134,-0.461941,0.6,1.35355,-0.353554,0.6,1.46194,-0.191343,0.6,1.5,-9.53674e-07,0.6,1.46194,0.191341,0.6,1.35355,0.353553,0.6,1.19134,0.461939,0.6,1.5,-0.5,3.2,0.5,-0.5,3.2,1.5,0.5,3.2,0.5,0.5,3.2,-1.5,0.5,2.6,-1.5,-0.5,2.6,-1.5,0.5,2.4,-1.5,-0.5,2.4,0.500001,-2.5,0.6,1.5,-2.5,0.6,1.5,-2.5,0,0.500001,-2.5,0,0.500001,0.499999,0,1.5,0.499999,0,1.5,0.499999,0.6,0.500001,0.499999,0.6,1.5,-0.5,3.4,0.5,-0.5,3.4,1.5,0.5,3.4,0.5,0.5,3.4,-0.538059,0.191341,2.4,-0.5,0.5,2.4,-0.5,-0.5,2.6,-0.5,0.5,2.6,-1.5,2,1.2,-1.5,3,1,-0.5,3,1,-0.5,2,1.2,-1.5,3,1.2,-0.646446,0.353553,2.4,-0.808658,0.461939,2.4,-0.5,3,1.2,1.5,-0.5,2.4,-0.808658,-0.461941,2.4,1.5,0.5,2.4,-0.646446,-0.353554,2.4,-1.5,1.7,1.2,-1.5,-0.5,1.2,-0.538059,-0.191343,2.4,-1.5,-0.5,1,1.5,-0.5,2.6,-0.2,-0.5,2.6,1.5,0.5,2.6,-0.2,0.5,2.6,-0.5,-0.5,1,-0.499999,-9.53674e-07,2.4,-0.5,-0.5,1.2,-0.5,1.7,1.2,-0.999999,-0.500001,2.4,-1.19134,-0.461941,2.4,-1.35355,-0.353554,2.4,-1.46194,-0.191343,2.4,-1.5,-9.53674e-07,2.4,-1.46194,0.191341,2.4,-1.35355,0.353552,2.4,-1.19134,0.461939,2.4,-0.999999,0.499999,2.4,-0.999999,0.499999,0,-1.19134,0.461939,0,-1.35355,0.353552,0,-1.46194,0.191341,0,-1.5,-9.53674e-07,0,-1.46194,-0.191343,0,-1.35355,-0.353554,0,-1.19134,-0.461941,0,-0.999999,-0.500001,0,-0.808658,-0.461941,0,-0.646446,-0.353554,0,-0.538059,-0.191343,0,-0.499999,-9.53674e-07,0,-0.538059,0.191341,0,-0.646446,0.353553,0,-0.808658,0.461939,0,-0.538059,2.69134,1,-0.646446,2.85355,1,-0.808658,2.96194,1,-0.808658,2.03806,1,-0.646446,2.14645,1,-0.538059,2.30866,1,-0.499999,2.5,1,-0.999999,2,1,-1.19134,2.03806,1,-1.35355,2.14645,1,-1.46194,2.30866,1,-1.5,2.5,1,-1.46194,2.69134,1,-1.35355,2.85355,1,-1.19134,2.96194,1,-0.999999,3,1,-0.999999,3,2.38419e-07,-1.19134,2.96194,2.38419e-07,-1.35355,2.85355,2.38419e-07,-1.46194,2.69134,2.38419e-07,-1.5,2.5,2.38419e-07,-1.46194,2.30866,2.38419e-07,-1.35355,2.14645,2.38419e-07,-1.19134,2.03806,2.38419e-07,-0.999999,2,2.38419e-07,-0.808658,2.03806,2.38419e-07,-0.646446,2.14645,2.38419e-07,-0.538059,2.30866,2.38419e-07,-0.499999,2.5,2.38419e-07,-0.538059,2.69134,2.38419e-07,-0.646446,2.85355,2.38419e-07,-0.808658,2.96194,2.38419e-07],
			"faces"    : [35,15,0,31,16,1,0,1,1,0,35,25,26,5,6,1,2,3,3,2,35,19,20,11,12,1,4,5,5,4,35,26,27,4,5,1,3,6,6,3,35,20,21,10,11,1,5,7,7,5,35,27,28,3,4,1,6,8,8,6,35,21,22,9,10,1,7,9,9,7,35,28,29,2,3,1,8,10,10,8,35,22,23,8,9,1,9,11,11,9,35,16,17,14,15,1,0,12,12,0,35,29,30,1,2,1,10,13,13,10,35,23,24,7,8,1,11,14,14,11,35,17,18,13,14,1,12,15,15,12,35,0,1,30,31,1,1,13,13,1,35,24,25,6,7,1,14,2,2,14,35,18,19,12,13,1,15,4,4,15,35,100,101,77,70,1,6,16,16,6,35,54,55,36,37,0,17,18,19,20,35,93,94,83,84,1,21,7,7,21,35,53,38,68,79,0,22,23,24,25,34,59,79,58,0,26,25,27,35,49,51,55,54,0,28,29,18,17,35,35,51,50,34,0,30,29,31,27,35,32,48,49,33,0,32,33,28,34,35,55,51,35,75,0,18,29,30,35,35,34,50,48,32,0,27,31,33,32,35,48,50,51,49,0,33,31,29,28,35,32,33,35,34,0,32,34,30,27,35,45,42,43,44,1,27,32,36,37,35,47,40,41,46,1,38,20,33,31,35,44,43,40,47,1,37,36,20,38,35,46,41,42,45,1,31,33,32,27,35,43,42,41,40,1,36,32,33,20,35,44,47,46,45,1,37,38,31,27,35,38,39,37,36,0,23,36,20,19,34,56,57,68,0,39,37,24,35,36,55,59,56,0,19,18,26,39,35,57,71,69,68,0,37,36,20,24,35,92,93,84,85,1,4,21,21,4,35,99,100,70,67,1,3,6,6,3,35,56,59,63,60,0,39,26,31,38,35,58,57,60,63,0,27,37,38,31,34,59,58,63,0,26,27,31,35,76,58,79,78,0,32,27,25,33,35,78,79,68,69,0,33,25,24,20,35,76,78,69,71,0,32,33,20,36,35,33,73,75,35,0,34,40,35,30,35,36,56,68,38,0,19,39,24,23,35,66,74,72,64,0,27,31,33,32,35,72,74,75,73,0,33,31,35,40,35,53,75,74,66,0,22,35,31,27,35,58,76,71,57,0,27,32,36,37,35,98,99,67,65,1,2,3,3,2,34,55,75,53,0,18,35,22,35,104,89,88,62,1,1,41,41,1,34,57,56,60,0,37,39,38,35,54,73,33,49,0,17,40,34,28,35,53,79,59,55,0,22,25,26,18,34,53,39,38,0,22,36,23,34,39,54,37,0,36,17,20,35,64,72,73,39,0,32,33,40,36,35,64,39,53,66,0,32,36,22,27,34,39,73,54,0,36,40,17,35,94,95,82,83,1,7,9,9,7,35,101,102,52,77,1,16,10,10,16,35,95,96,81,82,1,9,11,11,9,35,89,90,87,88,1,41,12,12,41,35,102,103,61,52,1,10,13,13,10,35,96,97,80,81,1,11,14,14,11,35,90,91,86,87,1,12,15,15,12,35,103,104,62,61,1,13,1,1,13,35,97,98,65,80,1,14,2,2,14,35,91,92,85,86,1,15,4,4,15,35,132,133,111,110,1,6,8,8,6,35,125,126,115,116,1,5,7,7,5,35,124,125,116,117,1,4,5,5,4,35,131,132,110,109,1,3,6,6,3,35,130,131,109,108,1,2,3,3,2,35,136,121,120,107,1,1,41,41,1,35,126,127,114,115,1,7,9,9,7,35,133,134,105,111,1,8,10,10,8,35,127,128,113,114,1,9,11,11,9,35,121,122,119,120,1,41,12,12,41,35,134,135,106,105,1,10,13,13,10,35,128,129,112,113,1,11,42,42,11,35,122,123,118,119,1,12,15,15,12,35,135,136,107,106,1,13,1,1,13,35,129,130,108,112,1,42,2,2,42,35,123,124,117,118,1,15,4,4,15],
			"uvs"      : [],
			"normals"  : [0,1,0,0.382672,0.923856,0,0.382672,-0.923856,0,0.707083,-0.707083,0,-0.923856,0.382672,0,-1,0,0,0.923856,-0.382672,0,-0.923856,-0.382672,0,1,0,0,-0.707083,-0.707083,0,0.923856,0.382672,0,-0.382672,-0.923856,0,-0.382672,0.923856,0,0.707083,0.707083,0,0,-1,0,-0.707083,0.707083,0,0.999969,0,0,-0.20304,-0.789727,0.578845,-0.031281,0.643208,0.765038,-0.633106,0.283822,0.720115,-0.577349,-0.577349,0.577349,-0.999969,0,0,0.482498,0.094211,-0.870785,-0.804163,-0.227454,-0.54912,-0.976897,-0.197363,0.081729,0.976897,-0.197363,0.081729,0.799646,0.220161,0.558611,0.577349,0.577349,-0.577349,-0.254433,-0.639637,0.725333,-0.254433,0.639637,0.725333,0.210822,0.794122,-0.569964,0.577349,0.577349,0.577349,0.577349,-0.577349,-0.577349,0.577349,-0.577349,0.577349,0.210822,-0.794122,-0.569964,0.179968,0.981414,0.066561,-0.577349,-0.577349,-0.577349,-0.577349,0.577349,-0.577349,-0.577349,0.577349,0.577349,-0.799646,0.220161,0.558611,0.179968,-0.981414,0.066561,0,0.999969,0,0,-0.999969,0],
			
			"skinIndices"  : [],
			"skinWeights"  : [],
			"morphTargets" : [],
			
			"bones"      : [],
			"animations" : [],
			
			"colors"    : [],
			"materials" : [
				{
					"DbgColor": 15658734,
					"DbgIndex": 0,
					"DbgName": "Dark Grey",
					"blending": "NormalBlending",
					"colorAmbient": [0.16000000476837162, 0.16000000476837162, 0.16000000476837162],
					"colorDiffuse": [0.16000000476837162, 0.16000000476837162, 0.16000000476837162],
					"colorEmissive": [0.0, 0.0, 0.0],
					"colorSpecular": [0.5, 0.5, 0.5],
					"depthTest": true,
					"depthWrite": true,
					"shading": "Lambert",
					"specularCoef": 50,
					"transparency": 1.0,
					"transparent": false,
					"vertexColors": false
				},
				{
					"DbgColor": 15597568,
					"DbgIndex": 1,
					"DbgName": "Gray",
					"blending": "NormalBlending",
					"colorAmbient": [0.4000000059604645, 0.4000000059604645, 0.4000000059604645],
					"colorDiffuse": [0.4000000059604645, 0.4000000059604645, 0.4000000059604645],
					"colorEmissive": [0.0, 0.0, 0.0],
					"colorSpecular": [0.5, 0.5, 0.5],
					"depthTest": true,
					"depthWrite": true,
					"shading": "Lambert",
					"specularCoef": 50,
					"transparency": 1.0,
					"transparent": false,
					"vertexColors": false
				}
			]


	}
