	{

		"metadata": {
			"formatVersion" : 3.1,
			"generatedBy"   : "Blender 2.7 Exporter",
			"vertices"      : 100,
			"faces"         : 95,
			"normals"       : 33,
			"colors"        : 0,
			"uvs"           : [],
			"materials"     : 3,
			"morphTargets"  : 0,
			"bones"         : 0
		},

			"scale" : 1.000000,
			
			"vertices" : [1.5,-1,9.4,1.5,-0.5,9.4,2,-0.499998,8.8,2,-0.999998,8.8,2,-0.499998,9.4,2,-0.999998,9.4,1,-0.999999,8,1,0,8,2,1.90735e-06,8,2,-0.999998,4.4,2,-0.999998,8,2,-0.499998,8.2,-2,-0.5,8.2,2,-0.999998,0,-2,0,8.2,2,-0.999998,4.2,2,1.90735e-06,8.2,1.5,-1,4.2,1.5,-1,0,2,-0.499998,6.8,2,1.90735e-06,6.8,2,-0.499998,7.4,2,1.90735e-06,7.4,1,0,7.4,1,-0.5,7.4,1,0,6.8,1,-0.5,6.8,2,1,4.4,1,-0.999999,4.4,1.5,1,0,1.5,0.5,0,1.5,1,4.2,1.5,0.5,4.2,2,1,4.2,2,1,0,1,7.15256e-07,4.4,0.500001,-1,0,0.500001,-0.5,0,0.500001,-1,4.2,0.500001,-0.5,4.2,1.5,-0.5,0,1.5,-0.5,4.2,0.500001,0.5,0,0.500001,0.5,4.2,0.500001,1,4.2,0.500001,1,0,1,-0.5,9.4,1,-1,9.4,1,-0.5,8.8,1,-1,8.8,1.5,-0.5,8.8,1.5,-1,8.8,-1.5,-1,9.4,-1.5,-0.500002,9.4,-2,-0.5,8.8,-2,-1,8.8,-2,-0.5,9.4,-2,-1,9.4,-1,-1,8,-1,-1.90735e-06,8,-2,0,8,-2,-1,4.4,-2,-1,8,-2,-1,0,-2,-1,4.2,-1.5,-1,4.2,-1.5,-1,0,-2,-0.5,6.8,-2,0,6.8,-2,-0.5,7.4,-2,0,7.4,-1,-1.90735e-06,7.4,-1,-0.500002,7.4,-1,-1.90735e-06,6.8,-1,-0.500002,6.8,-2,1,4.4,-1,-1,4.4,-1.5,1,0,-1.5,0.499998,0,-1.5,1,4.2,-1.5,0.499998,4.2,-2,1,4.2,-2,1,0,-1,0,4.4,-0.500001,-1,0,-0.500001,-0.500002,0,-0.500001,-1,4.2,-0.500001,-0.500002,4.2,-1.5,-0.500002,0,-1.5,-0.500002,4.2,-0.500001,0.499998,0,-0.500001,0.499998,4.2,-0.500001,1,4.2,-0.500001,1,0,-1,-0.500002,9.4,-1,-1,9.4,-1,-0.500002,8.8,-1,-1,8.8,-1.5,-0.500002,8.8,-1.5,-1,8.8],
			"faces"    : [35,48,11,12,96,1,0,1,1,2,35,49,97,58,6,1,3,4,5,6,35,1,0,5,4,1,7,8,9,1,35,3,51,6,10,1,10,4,6,11,35,23,7,6,24,2,0,12,6,13,34,97,99,58,1,4,3,5,34,48,50,11,1,0,2,1,35,34,13,40,30,0,14,11,15,16,35,15,17,18,13,2,10,5,17,11,35,19,21,24,26,2,11,9,13,18,35,22,20,25,23,2,1,14,12,0,35,21,22,23,24,2,9,1,0,13,35,20,19,26,25,2,14,11,18,12,34,2,11,50,1,19,1,2,35,5,0,51,3,1,9,8,4,10,35,8,10,6,7,1,14,11,6,12,34,17,28,38,1,5,3,6,35,40,41,39,37,0,15,17,20,21,35,42,43,32,30,0,22,23,24,16,35,31,29,30,32,2,25,24,16,24,35,31,33,34,29,2,25,26,14,24,35,28,26,24,6,2,3,18,13,6,35,38,36,37,39,2,6,20,21,20,35,17,38,39,41,1,5,6,20,17,34,27,33,31,1,1,26,25,35,44,43,42,45,2,12,23,22,23,34,12,98,96,1,1,0,2,35,49,48,46,47,1,3,0,27,28,35,49,51,50,48,1,3,4,2,0,35,51,0,1,50,1,4,8,7,2,35,9,28,17,15,1,9,3,5,10,35,44,31,32,43,1,12,25,24,23,35,49,47,95,97,1,3,28,8,4,35,14,12,11,16,1,1,1,1,1,34,98,12,54,1,0,1,19,35,17,41,40,18,2,5,17,15,17,35,96,94,46,48,1,2,7,27,0,35,4,2,50,1,1,1,19,2,7,35,25,26,28,35,2,12,18,3,29,34,18,40,13,2,17,15,11,34,29,34,30,2,24,14,16,34,6,51,49,1,6,4,3,35,37,42,30,40,0,21,22,16,15,35,35,28,9,27,1,29,3,9,1,34,14,59,60,1,1,25,14,35,57,52,53,56,1,9,28,27,1,35,55,62,58,99,1,10,11,5,3,35,71,72,58,59,2,2,30,5,25,35,64,63,66,65,2,10,11,20,6,35,67,74,72,69,2,11,31,30,9,35,70,71,73,68,2,1,2,25,14,35,69,72,71,70,2,9,30,2,1,35,68,73,74,67,2,14,25,31,11,35,57,55,99,52,1,9,10,3,28,35,60,59,58,62,1,14,25,5,11,34,65,86,76,1,6,5,4,35,88,85,87,89,0,21,15,17,20,35,90,78,80,91,0,16,22,23,24,35,79,80,78,77,2,12,23,22,23,35,79,77,82,81,2,12,23,14,26,35,76,58,72,74,2,4,5,30,31,35,86,87,85,84,2,5,17,15,17,35,6,58,76,28,2,6,5,4,3,35,65,89,87,86,1,6,20,17,5,34,75,79,81,1,1,12,26,35,92,93,90,91,2,25,24,16,24,34,88,66,63,2,21,20,11,35,97,95,94,96,1,4,8,7,2,35,14,16,7,59,1,1,1,12,25,35,46,94,95,47,1,27,7,8,28,35,97,96,98,99,1,4,2,0,3,35,53,52,99,98,1,27,28,3,0,35,61,64,65,76,1,9,10,6,4,35,92,91,80,79,1,25,24,23,12,35,7,23,71,59,2,12,0,2,25,35,83,75,61,76,1,32,1,9,4,35,65,66,88,89,2,6,20,21,20,35,76,86,38,28,1,4,5,6,3,35,56,53,98,54,1,1,27,0,19,35,25,73,71,23,2,12,25,2,0,35,42,90,93,45,2,22,16,24,23,35,73,83,76,74,2,25,32,4,31,35,35,83,73,25,2,29,32,25,12,35,86,84,36,38,2,5,17,20,6,35,42,37,85,90,0,22,21,15,16,34,77,78,82,2,23,22,14,34,8,7,16,1,14,12,1,35,85,88,78,90,0,15,21,22,16,35,35,27,75,83,1,29,1,1,32,35,36,84,85,37,2,20,17,15,21,35,92,44,45,93,2,25,12,23,24,34,44,27,31,1,12,1,25,35,92,75,27,44,1,25,1,1,12,34,92,79,75,1,25,12,1,35,82,78,88,63,0,14,22,21,11],
			"uvs"      : [],
			"normals"  : [0.301492,0.904508,0.301492,0,0.707083,0.707083,-0.301492,0.904508,0.301492,0.301492,-0.904508,0.301492,-0.301492,-0.904508,0.301492,-0.301492,-0.904508,-0.301492,0.301492,-0.904508,-0.301492,-0.577349,0.577349,0.577349,-0.577349,-0.577349,0.577349,0,-0.707083,0.707083,0,-1,0,0,-0.707083,-0.707083,0.301492,0.904508,-0.301492,0.904508,-0.301492,0.301492,0,0.707083,-0.707083,-0.301492,-0.301492,-0.904508,-0.301492,0.301492,-0.904508,-0.577349,-0.577349,-0.577349,0.904508,-0.301492,-0.301492,0,1,0,0.577349,-0.577349,-0.577349,0.301492,-0.301492,-0.904508,0.301492,0.301492,-0.904508,0.577349,0.577349,-0.577349,-0.577349,0.577349,-0.577349,-0.301492,0.904508,-0.301492,0,0.999969,0,0.577349,0.577349,0.577349,0.577349,-0.577349,0.577349,0.301492,0.301492,0.904508,-0.904508,-0.301492,0.301492,-0.904508,-0.301492,-0.301492,-0.301492,0.301492,0.904508],
			
			"skinIndices"  : [],
			"skinWeights"  : [],
			"morphTargets" : [],
			
			"bones"      : [],
			"animations" : [],
			
			"colors"    : [],
			"materials" : [
				{
					"DbgColor": 15658734,
					"DbgIndex": 0,
					"DbgName": "Red",
					"blending": "NormalBlending",
					"colorAmbient": [0.800000011920929, 0.0, 0.0],
					"colorDiffuse": [0.800000011920929, 0.0, 0.0],
					"colorEmissive": [0.0, 0.0, 0.0],
					"colorSpecular": [0.5, 0.5, 0.5],
					"depthTest": true,
					"depthWrite": true,
					"shading": "Lambert",
					"specularCoef": 50,
					"transparency": 1.0,
					"transparent": false,
					"vertexColors": false
				},
				{
					"DbgColor": 15597568,
					"DbgIndex": 1,
					"DbgName": "Gray",
					"blending": "NormalBlending",
					"colorAmbient": [0.4000000059604645, 0.4000000059604645, 0.4000000059604645],
					"colorDiffuse": [0.4000000059604645, 0.4000000059604645, 0.4000000059604645],
					"colorEmissive": [0.0, 0.0, 0.0],
					"colorSpecular": [0.5, 0.5, 0.5],
					"depthTest": true,
					"depthWrite": true,
					"shading": "Lambert",
					"specularCoef": 50,
					"transparency": 1.0,
					"transparent": false,
					"vertexColors": false
				},
				{
					"DbgColor": 60928,
					"DbgIndex": 2,
					"DbgName": "Black",
					"blending": "NormalBlending",
					"colorAmbient": [0.08000000238418581, 0.08000000238418581, 0.08000000238418581],
					"colorDiffuse": [0.08000000238418581, 0.08000000238418581, 0.08000000238418581],
					"colorEmissive": [0.0, 0.0, 0.0],
					"colorSpecular": [0.5, 0.5, 0.5],
					"depthTest": true,
					"depthWrite": true,
					"shading": "Lambert",
					"specularCoef": 50,
					"transparency": 1.0,
					"transparent": false,
					"vertexColors": false
				}
			]


	}
